name,smiles,category,n_atoms,bin,D_exp_eV,D_b3lyp_631gs_eV,err_b3lyp_631gs_eV,rel_err_b3lyp_631gs_pct,D_b3lyp_def2tzvp_eV,err_b3lyp_def2tzvp_eV,rel_err_b3lyp_def2tzvp_pct,D_ptc_eV,err_ptc_eV,rel_err_ptc_pct,best_method
oxazole,C1=COC=N1,Organique,8,B,36.704,36.1770,-0.5270,1.436,36.0832,-0.6208,1.691,36.6128,-0.0912,0.248,PTC
DMSO,CS(=O)C,Inorganique,10,C,35.428,34.0037,-1.4243,4.020,34.5309,-0.8971,2.532,35.4313,+0.0033,0.009,PTC
Acetyl_chloride,CC(=O)Cl,Organique,7,B,27.6716,27.3346,-0.3370,1.218,27.2921,-0.3795,1.371,27.6833,+0.0117,0.042,PTC
B2,[B]=[B],Organique,2,A,3.02,2.6425,-0.3775,12.501,2.5347,-0.4853,16.068,3.0195,-0.0005,0.015,PTC
methylhydrazine,CNN,Organique,9,C,31.18,28.9632,-2.2168,7.110,29.1765,-2.0035,6.426,30.7807,-0.3993,1.281,PTC
2-methylthiophene,CC1=CC=CS1,Organique,12,C,52.703,51.5086,-1.1944,2.266,51.5196,-1.1834,2.245,52.6940,-0.0090,0.017,PTC
2-methylthiophene,Cc1cccs1,Inorganique,12,C,54.963,51.5086,-3.4544,6.285,51.5196,-3.4434,6.265,55.0053,+0.0423,0.077,PTC
SiS,[Si]#[S],Organique,2,A,6.39,5.8954,-0.4946,7.740,6.1178,-0.2722,4.260,6.3873,-0.0027,0.042,PTC
NO,[N]=O,Organique,2,A,6.5,6.4817,-0.0183,0.281,6.5942,+0.0942,1.449,6.4981,-0.0019,0.029,PTC
NH,[N][H],Organique,2,A,3.47,3.4486,-0.0214,0.617,3.5703,+0.1003,2.890,3.4687,-0.0013,0.037,PTC
Methanediol,C(O)O,Organique,7,B,25.2706,24.6299,-0.6407,2.535,24.9082,-0.3624,1.434,25.2802,+0.0096,0.038,PTC
Aziridine,C1CN1,Organique,8,B,29.3328,29.1847,-0.1481,0.505,29.2034,-0.1294,0.441,29.1359,-0.1969,0.671,B3LYP/def2-TZVP
cis_1_2_Dichloroethene,C(=C\Cl)\Cl,Organique,6,B,21.6646,21.2166,-0.4480,2.068,21.3023,-0.3623,1.672,21.6953,+0.0307,0.142,PTC
1_2_Dichloroethene,C(=CCl)Cl,Organique,6,B,21.6646,21.2179,-0.4467,2.062,21.3021,-0.3625,1.673,21.6953,+0.0307,0.142,PTC
LiF,[Li]F,Organique,2,A,5.97,5.6877,-0.2823,4.728,5.7286,-0.2414,4.043,5.9754,+0.0054,0.090,PTC
PS,[P]=S,Organique,2,A,4.5,4.1523,-0.3477,7.727,4.4783,-0.0217,0.483,4.3596,-0.1404,3.120,B3LYP/def2-TZVP
PO,[P]=O,Organique,2,A,5.69,5.6689,-0.0211,0.371,6.1357,+0.4457,7.834,5.6864,-0.0036,0.064,PTC
1-bromopropane,CCCBr,Organique,11,C,40.161,39.5509,-0.6101,1.519,39.2969,-0.8641,2.152,40.1382,-0.0228,0.057,PTC
1-chloropropane,CCCCl,Organique,11,C,40.724,40.0057,-0.7183,1.764,39.7832,-0.9408,2.310,40.7072,-0.0168,0.041,PTC
SiH,[Si][H],Organique,2,A,3.06,2.8936,-0.1664,5.438,2.9819,-0.0781,2.551,3.0595,-0.0005,0.017,PTC
propyne,CC#C,Organique,7,B,29.4,28.8622,-0.5378,1.829,28.9335,-0.4665,1.587,29.3797,-0.0203,0.069,PTC
C2H6,CC,Organique,8,B,28.89,28.9346,+0.0446,0.154,28.7772,-0.1128,0.390,28.8689,-0.0211,0.073,PTC
2_Chloroethanol,C(CCl)O,Organique,9,C,32.3289,31.7075,-0.6214,1.922,31.7460,-0.5829,1.803,32.3135,-0.0154,0.048,PTC
propanethiol,CCCS,Organique,12,C,43.93,43.0009,-0.9291,2.115,42.9053,-1.0247,2.332,43.8974,-0.0326,0.074,PTC
Cl2,ClCl,Organique,2,A,2.51,2.0393,-0.4707,18.751,2.3528,-0.1572,6.261,2.5119,+0.0019,0.077,PTC
isopropyl_mercaptan,CC(C)S,Inorganique,12,C,44.021,43.0513,-0.9697,2.203,42.9493,-1.0717,2.435,44.0598,+0.0388,0.088,PTC
ClNO,ClN=O,Organique,3,A,8.203,7.5864,-0.6166,7.516,7.7002,-0.5028,6.130,8.2481,+0.0451,0.550,PTC
N2,N#N,Organique,2,A,9.759,9.5016,-0.2574,2.637,9.7833,+0.0243,0.249,9.7681,+0.0091,0.093,PTC
1-butyne,CCC#C,Organique,10,C,41.556,40.7934,-0.7626,1.835,40.7669,-0.7891,1.899,41.5975,+0.0415,0.100,PTC
PH,[P][H],Organique,2,A,2.95,1.5889,-1.3611,46.139,1.7596,-1.1904,40.351,2.8593,-0.0907,3.075,PTC
succinimide,O=C1CCC(=O)N1,Organique,12,C,54.965,53.9001,-1.0649,1.937,53.8016,-1.1634,2.117,54.8001,-0.1649,0.300,PTC
NaF,[Na]F,Organique,2,A,4.91,3.9542,-0.9558,19.466,4.3862,-0.5238,10.668,4.9921,+0.0821,1.672,PTC
trans_1_2_Dichloroethene,C(=C/Cl)\Cl,Organique,6,B,21.6457,21.2178,-0.4279,1.977,21.3021,-0.3436,1.587,21.6953,+0.0496,0.229,PTC
fluorobenzene,C1=CC=C(C=C1)F,Organique,12,C,57.888,57.1833,-0.7047,1.217,56.8738,-1.0142,1.752,57.8082,-0.0798,0.138,PTC
H2,[H][H],Organique,2,A,4.478,4.4880,+0.0100,0.223,4.4989,+0.0209,0.466,4.4843,+0.0063,0.141,PTC
CO2,O=C=O,Organique,3,A,16.56,12.9428,-3.6172,21.843,12.8170,-3.7430,22.603,16.5242,-0.0358,0.216,PTC
dimethyl_sulfone,CS(=O)(=O)C,Organique,11,C,40.317,37.9697,-2.3473,5.822,39.0657,-1.2513,3.104,40.2560,-0.0610,0.151,PTC
BeCl2,Cl[Be]Cl,Organique,3,A,9.55,9.1647,-0.3853,4.035,9.0207,-0.5293,5.543,9.5685,+0.0185,0.194,PTC
2-furaldehyde,O=Cc1ccco1,Inorganique,11,C,52.907,52.1826,-0.7244,1.369,51.9659,-0.9411,1.779,52.8665,-0.0405,0.077,PTC
CHCl3,C(Cl)(Cl)Cl,Organique,5,B,14.53,13.7286,-0.8014,5.515,13.8719,-0.6581,4.529,14.5434,+0.0134,0.093,PTC
EtBr,CCBr,Organique,8,B,27.88,27.6109,-0.2691,0.965,27.4492,-0.4308,1.545,27.8371,-0.0429,0.154,PTC
thiophene_2_carboxaldehyde,O=CC1=CC=CS1,Organique,11,C,51.726,50.5842,-1.1418,2.207,50.6121,-1.1139,2.153,51.8097,+0.0837,0.162,PTC
EtNH2,CCN,Organique,10,C,36.06,35.3902,-0.6698,1.857,35.4129,-0.6471,1.795,35.7276,-0.3324,0.922,PTC
2_Bromoethanol,C(CBr)O,Organique,9,C,31.694,31.2565,-0.4375,1.380,31.2609,-0.4331,1.367,31.7492,+0.0552,0.174,PTC
Carbon_dioxide_124389,C(=O)=O,Organique,3,A,16.5642,12.9432,-3.6210,21.860,12.8176,-3.7466,22.619,16.5242,-0.0400,0.242,PTC
imidazole,c1cnc[nH]1,Inorganique,9,C,39.742,39.1438,-0.5982,1.505,39.2425,-0.4995,1.257,38.1462,-1.5958,4.015,B3LYP/def2-TZVP
HFC_152a,CC(F)F,Organique,8,B,30.69,30.4164,-0.2736,0.892,30.1293,-0.5607,1.827,30.7477,+0.0577,0.188,PTC
2-bromopropane,CC(Br)C,Organique,11,C,40.289,39.6601,-0.6289,1.561,39.3983,-0.8907,2.211,40.2166,-0.0724,0.180,PTC
"1,1-dichloroethane",CC(Cl)Cl,Organique,8,B,27.731,27.0533,-0.6777,2.444,26.9886,-0.7424,2.677,27.6968,-0.0342,0.123,PTC
LiBr,[Li]Br,Organique,2,A,4.34,3.9920,-0.3480,8.019,3.9946,-0.3454,7.958,4.1866,-0.1534,3.535,PTC
Ethyl,C[CH2],Organique,7,B,24.5794,24.6653,+0.0859,0.349,24.5931,+0.0137,0.056,24.5265,-0.0529,0.215,B3LYP/def2-TZVP
"1,2,4-triazole",C1=NNC=N1,Organique,8,B,35.201,33.8945,-1.3065,3.711,34.0207,-1.1803,3.353,34.7429,-0.4581,1.301,PTC
benzene,c1ccccc1,Organique,12,C,56.42,56.4657,+0.0457,0.081,56.2871,-0.1329,0.236,56.5453,+0.1253,0.222,B3LYP/6-31G*
3-methylthiophene,Cc1ccsc1,Inorganique,12,C,54.973,51.5141,-3.4589,6.292,51.5233,-3.4497,6.275,54.8815,-0.0915,0.167,PTC
CH3SH,CS,Organique,6,B,19.58,19.0618,-0.5182,2.646,19.1536,-0.4264,2.178,19.5375,-0.0425,0.217,PTC
HSO3F,OS(=O)(=O)F,Inorganique,6,B,21.507,18.7487,-2.7583,12.825,20.2590,-1.2480,5.803,22.4501,+0.9431,4.385,PTC
urea,NC(=O)N,Inorganique,8,B,31.287,30.4058,-0.8812,2.817,30.8069,-0.4801,1.534,30.6570,-0.6300,2.014,B3LYP/def2-TZVP
H2O,O,Organique,3,A,9.511,8.8811,-0.6299,6.623,9.2959,-0.2151,2.262,9.5330,+0.0220,0.232,PTC
VinylF,FC=C,Organique,6,B,23.9,23.6349,-0.2651,1.109,23.5768,-0.3232,1.352,24.0472,+0.1472,0.616,PTC
Li2,[Li][Li],Organique,2,A,1.046,0.8290,-0.2170,20.742,0.8327,-0.2133,20.391,1.0435,-0.0025,0.243,PTC
PN,[P]#N,Organique,2,A,6.39,5.3844,-1.0056,15.737,5.8083,-0.5817,9.103,6.4057,+0.0157,0.245,PTC
2-chloropropane,CC(Cl)C,Organique,11,C,40.858,40.1190,-0.7390,1.809,39.8934,-0.9646,2.361,40.7553,-0.1027,0.251,PTC
Methyl_nitrite,CON=O,Organique,7,B,24.6271,24.5010,-0.1261,0.512,24.4204,-0.2067,0.840,24.4135,-0.2136,0.867,B3LYP/6-31G*
Diazirine,C1N=N1,Organique,5,B,18.2849,18.2648,-0.0201,0.110,18.2789,-0.0060,0.033,18.3237,+0.0388,0.212,B3LYP/def2-TZVP
chlorobenzene,C1=CC=C(C=C1)Cl,Organique,12,C,56.583,55.6204,-0.9626,1.701,55.4692,-1.1138,1.968,56.7431,+0.1601,0.283,PTC
CHClF,ClCF,Organique,5,B,16.73,16.3931,-0.3369,2.013,16.3773,-0.3527,2.108,16.7893,+0.0593,0.354,PTC
CHF3,C(F)(F)F,Organique,5,B,19.52,19.2831,-0.2369,1.214,18.9545,-0.5655,2.897,19.5783,+0.0583,0.299,PTC
CN,[C]#[N],Organique,2,A,7.72,7.4655,-0.2545,3.296,7.6129,-0.1071,1.388,7.7425,+0.0225,0.292,PTC
SiCl,[Si]Cl,Organique,2,A,4.02,4.1401,+0.1201,2.989,4.3112,+0.2912,7.245,4.0903,+0.0703,1.748,PTC
BeF,[Be]F,Organique,2,A,5.85,5.7449,-0.1051,1.796,5.5962,-0.2538,4.338,5.6320,-0.2180,3.726,B3LYP/6-31G*
allene,C=C=C,Organique,7,B,29.35,28.9750,-0.3750,1.278,29.0224,-0.3276,1.116,29.2628,-0.0872,0.297,PTC
Isocyanoacetylene,C#C[N+]#[C-],Organique,5,B,24.2115,23.5785,-0.6330,2.615,23.7951,-0.4164,1.720,24.2395,+0.0280,0.116,PTC
Bromochloromethane,C(Cl)Br,Organique,5,B,14.5438,14.4431,-0.1007,0.693,14.4530,-0.0908,0.624,14.6052,+0.0614,0.422,PTC
thiophene_blind,C1=CSC=C1,Inorganique,9,C,40.43,39.4146,-1.0154,2.512,39.5425,-0.8875,2.195,40.2976,-0.1324,0.328,PTC
bromobenzene,C1=CC=C(C=C1)Br,Organique,12,C,55.931,55.1406,-0.7904,1.413,54.9367,-0.9943,1.778,56.1225,+0.1915,0.342,PTC
propanal,CCC=O,Organique,10,C,40.35,39.7865,-0.5635,1.396,39.5912,-0.7588,1.881,40.2120,-0.1380,0.342,PTC
BrCl,ClBr,Organique,2,A,2.173,2.0659,-0.1071,4.927,2.2129,+0.0399,1.835,2.2212,+0.0482,2.219,B3LYP/def2-TZVP
AlCl,[Al]Cl,Organique,2,A,5.13,4.9395,-0.1905,3.713,5.0416,-0.0884,1.722,5.1718,+0.0418,0.816,PTC
iPrOH,CC(C)O,Organique,12,C,45.05,44.7986,-0.2514,0.558,44.7011,-0.3489,0.774,45.2143,+0.1643,0.365,PTC
Hypofluorous_acid,OF,Organique,3,A,6.4728,6.1574,-0.3154,4.873,6.2642,-0.2086,3.222,6.5336,+0.0608,0.939,PTC
2-methylfuran,CC1=CC=CO1,Organique,12,C,53.924,53.2550,-0.6690,1.241,53.0073,-0.9167,1.700,54.1261,+0.2021,0.375,PTC
CFCl3,FC(Cl)(Cl)Cl,Organique,5,B,14.81,14.2492,-0.5608,3.786,14.3349,-0.4751,3.208,14.7865,-0.0235,0.159,PTC
DMSO,CS(C)=O,Organique,10,C,35.29,34.0038,-1.2862,3.645,34.5310,-0.7590,2.151,35.4313,+0.1413,0.400,PTC
propionamide,CCC(=O)N,Organique,12,C,48.224,47.4101,-0.8139,1.688,47.4132,-0.8108,1.681,47.7506,-0.4734,0.982,PTC
BeO,[Be]=O,Organique,2,A,4.54,4.4360,-0.1040,2.290,4.4009,-0.1391,3.063,4.3869,-0.1531,3.373,B3LYP/6-31G*
BeH,[Be][H],Organique,2,A,2.034,2.3127,+0.2787,13.704,2.2638,+0.2298,11.299,2.0230,-0.0110,0.540,PTC
PCl,[P]Cl,Organique,2,A,3.19,1.8801,-1.3099,41.063,2.1590,-1.0310,32.320,3.1218,-0.0682,2.137,PTC
SF,[S]F,Organique,2,A,3.36,3.4387,+0.0787,2.343,3.6260,+0.2660,7.916,3.4025,+0.0425,1.264,PTC
Chlorodifluoromethane,C(F)(F)Cl,Organique,5,B,17.3838,17.2843,-0.0995,0.572,17.1575,-0.2263,1.302,17.4738,+0.0900,0.518,PTC
CH4,C,Organique,5,B,17.04,17.0740,+0.0340,0.200,17.0071,-0.0329,0.193,16.9665,-0.0735,0.431,B3LYP/def2-TZVP
"1,2-dichloropropane",CC(CCl)Cl,Organique,11,C,40.05,39.0961,-0.9539,2.382,38.9072,-1.1428,2.853,40.2387,+0.1887,0.471,PTC
"1,2-dichloroethane",C(CCl)Cl,Organique,8,B,27.753,27.1090,-0.6440,2.321,27.0203,-0.7327,2.640,27.8920,+0.1390,0.501,PTC
"1,2-dichloroethane",ClCCCl,Inorganique,8,B,27.753,27.1090,-0.6440,2.321,26.9537,-0.7993,2.880,27.8920,+0.1390,0.501,PTC
CHF3,FC(F)F,Inorganique,5,B,19.341,19.2828,-0.0582,0.301,18.9541,-0.3869,2.001,19.4405,+0.0995,0.514,B3LYP/6-31G*
CF3Me,CC(F)(F)F,Organique,8,B,31.54,31.7000,+0.1600,0.507,31.1908,-0.3492,1.107,31.4029,-0.1371,0.435,PTC
NS,[N]=S,Organique,2,A,4.85,4.5292,-0.3208,6.615,4.8431,-0.0069,0.143,4.8272,-0.0228,0.471,B3LYP/def2-TZVP
allyl_alcohol,OCC=C,Inorganique,10,C,39.713,38.7451,-0.9679,2.437,38.8435,-0.8695,2.189,39.8913,+0.1783,0.449,PTC
NF3,FN(F)F,Organique,4,A,8.59,8.4295,-0.1605,1.868,8.1633,-0.4267,4.968,8.6927,+0.1027,1.196,PTC
isoxazole,C1=NOC=C1,Organique,8,B,35.729,35.2326,-0.4964,1.389,35.1216,-0.6074,1.700,35.7744,+0.0454,0.127,PTC
allyl_alcohol,C=CCO,Organique,10,C,39.713,38.7451,-0.9679,2.437,38.8795,-0.8335,2.099,39.8913,+0.1783,0.449,PTC
BrF,FBr,Organique,2,A,2.55,2.5033,-0.0467,1.831,2.6060,+0.0560,2.196,2.5618,+0.0118,0.462,PTC
CH3F,CF,Organique,5,B,18.1,17.1924,-0.9076,5.014,17.1665,-0.9335,5.158,18.0179,-0.0821,0.453,PTC
diacetyl,CC(=O)C(=O)C,Organique,12,C,51.804,51.0969,-0.7071,1.365,50.8104,-0.9936,1.918,51.5619,-0.2421,0.467,PTC
Dihydrogen,[HH],Organique,2,A,4.4634,4.4880,+0.0246,0.550,4.4989,+0.0355,0.794,4.4843,+0.0209,0.468,PTC
C2F6,FC(F)(F)C(F)(F)F,Inorganique,8,B,33.722,33.7001,-0.0219,0.065,32.6952,-1.0268,3.045,33.8894,+0.1674,0.496,B3LYP/6-31G*
BF2H,FB(F),Inorganique,4,A,16.176,16.7708,+0.5948,3.677,16.5344,+0.3584,2.216,16.0990,-0.0770,0.476,PTC
pyrazine,C1=CN=CC=N1,Organique,10,C,46.515,45.9690,-0.5460,1.174,45.8632,-0.6518,1.401,46.6258,+0.1108,0.238,PTC
CP,[C]=[P],Organique,2,A,5.33,5.0698,-0.2602,4.881,5.2414,-0.0886,1.663,5.3557,+0.0257,0.482,PTC
OCl,[O]Cl,Organique,2,A,2.75,2.5031,-0.2469,8.980,2.6768,-0.0732,2.663,2.7771,+0.0271,0.987,PTC
ClO,[Cl][O],Organique,2,A,2.75,2.5030,-0.2470,8.980,2.6768,-0.0732,2.663,2.7771,+0.0271,0.987,PTC
CH3CHO,CC=O,Organique,7,B,28.02,27.8046,-0.2154,0.769,27.7244,-0.2956,1.055,27.8774,-0.1426,0.509,PTC
BH,[B][H],Organique,2,A,3.42,3.3456,-0.0744,2.174,3.3751,-0.0449,1.314,3.4378,+0.0178,0.522,PTC
Fluorotrichloromethane,C(F)(Cl)(Cl)Cl,Organique,5,B,14.83,14.2491,-0.5809,3.917,14.3348,-0.4952,3.339,14.7865,-0.0435,0.293,PTC
EtSH,CCS,Organique,9,C,31.76,31.0496,-0.7104,2.237,31.0479,-0.7121,2.242,31.5906,-0.1694,0.533,PTC
cis_1_2_Dibromoethene,C(=C\Br)\Br,Organique,6,B,20.2872,20.2294,-0.0578,0.285,20.2413,-0.0459,0.226,20.3983,+0.1111,0.548,B3LYP/def2-TZVP
1_2_Dibromoethene,C(=CBr)Br,Organique,6,B,20.2872,20.2539,-0.0333,0.164,20.2572,-0.0300,0.148,20.3983,+0.1111,0.548,B3LYP/def2-TZVP
Nitrous_acid,N(=O)O,Organique,4,A,12.9725,12.6493,-0.3232,2.492,12.8234,-0.1491,1.149,12.7951,-0.1774,1.368,B3LYP/def2-TZVP
furan,c1ccoc1,Organique,9,C,41.09,41.0265,-0.0635,0.155,40.8903,-0.1997,0.486,41.3558,+0.2658,0.647,B3LYP/6-31G*
pyrimidine,C1=CN=CN=C1,Organique,10,C,46.518,46.1291,-0.3889,0.836,46.0424,-0.4756,1.022,46.5977,+0.0797,0.171,PTC
trans_1_2_Dibromoethene,C(=C/Br)\Br,Organique,6,B,20.2851,20.2537,-0.0314,0.155,20.2571,-0.0280,0.138,20.3983,+0.1132,0.558,B3LYP/def2-TZVP
"1,2-dibromoethane",BrCCBr,Inorganique,8,B,26.616,26.1139,-0.5021,1.887,25.9699,-0.6461,2.428,26.7663,+0.1503,0.565,PTC
NOBr,BrN=O,Inorganique,3,A,7.791,7.2451,-0.5459,7.007,7.3128,-0.4782,6.138,7.8635,+0.0725,0.931,PTC
MeCN,CC#N,Organique,6,B,25.77,25.4047,-0.3653,1.418,25.4594,-0.3106,1.205,25.5199,-0.2501,0.970,PTC
Br2,BrBr,Organique,2,A,1.971,1.9885,+0.0175,0.885,2.0397,+0.0687,3.487,1.9597,-0.0113,0.573,PTC
propane,CCC,Organique,11,C,41.44,40.8933,-0.5467,1.319,40.6453,-0.7947,1.918,41.1983,-0.2417,0.583,PTC
S2,[S]=[S],Organique,2,A,4.369,4.0967,-0.2723,6.232,4.4205,+0.0515,1.178,4.3947,+0.0257,0.587,PTC
Difluorobromomethane,C(F)(F)Br,Organique,5,B,16.6348,16.7748,+0.1400,0.842,16.5874,-0.0474,0.285,16.7367,+0.1019,0.612,B3LYP/def2-TZVP
2-butene_trans,CC=CC,Organique,12,C,47.903,47.1791,-0.7239,1.511,46.9809,-0.9221,1.925,48.1889,+0.2859,0.597,PTC
"1,1,1-trifluoroacetone",CC(=O)C(F)(F)F,Organique,10,C,42.632,42.3172,-0.3148,0.738,41.6859,-0.9461,2.219,42.8920,+0.2600,0.610,PTC
C2H2,C#C,Organique,4,A,17.07,16.5336,-0.5364,3.142,16.7343,-0.3357,1.967,17.1733,+0.1033,0.605,PTC
CHFCl2,FC(Cl)Cl,Inorganique,5,B,15.977,15.4326,-0.5444,3.407,15.4634,-0.5136,3.215,15.9119,-0.0651,0.407,PTC
glyoxylic_acid,OC(=O)C=O,Organique,7,B,32.025,31.2828,-0.7422,2.317,31.2993,-0.7257,2.266,32.2224,+0.1974,0.616,PTC
chloroform,ClC(Cl)Cl,Inorganique,5,B,14.527,13.7287,-0.7983,5.495,13.8719,-0.6551,4.509,14.5101,-0.0169,0.117,PTC
C2,[C]#[C],Organique,2,A,6.248,4.8127,-1.4353,22.972,4.8712,-1.3768,22.035,6.2870,+0.0390,0.624,PTC
EtCl,CCCl,Organique,8,B,28.57,28.0533,-0.5167,1.809,27.9246,-0.6454,2.259,28.3996,-0.1704,0.596,PTC
ClF,FCl,Organique,2,A,2.62,2.3291,-0.2909,11.104,2.5050,-0.1150,4.390,2.6036,-0.0164,0.626,PTC
LiCl,[Li]Cl,Organique,2,A,4.9,4.3909,-0.5091,10.389,4.4074,-0.4926,10.052,4.9405,+0.0405,0.826,PTC
HOCl,ClO,Organique,3,A,6.871,6.2856,-0.5854,8.521,6.6050,-0.2660,3.871,6.9538,+0.0828,1.204,PTC
NF,[N]F,Organique,2,A,3.47,1.5718,-1.8982,54.702,1.5552,-1.9148,55.181,3.5071,+0.0371,1.068,PTC
3-cyanopyridine,N#Cc1cccnc1,Organique,12,C,60.523,59.7520,-0.7710,1.274,59.6710,-0.8520,1.408,61.0765,+0.5535,0.914,PTC
furfural,O=CC1=CC=CO1,Organique,11,C,52.907,52.1826,-0.7244,1.369,51.9659,-0.9411,1.779,53.2496,+0.3426,0.647,PTC
Hydrogen_fluoride,F,Organique,2,A,5.8661,5.2677,-0.5984,10.200,5.6787,-0.1874,3.194,5.8273,-0.0388,0.661,PTC
O2,O=O,Organique,2,A,5.116,5.2778,+0.1618,3.162,5.2629,+0.1469,2.871,5.1505,+0.0345,0.674,PTC
SOBr2,BrS(Br)=O,Inorganique,4,A,8.707,7.3951,-1.3119,15.067,8.2978,-0.4092,4.700,8.8303,+0.1233,1.416,PTC
dimethyl_disulfide,CSSC,Organique,10,C,34.408,33.4043,-1.0037,2.917,33.5772,-0.8308,2.415,34.6424,+0.2344,0.681,PTC
N-methylformamide,CNC=O,Organique,9,C,35.614,35.0747,-0.5393,1.514,35.0894,-0.5246,1.473,35.1526,-0.4614,1.295,PTC
Tetrachloromethane,C(Cl)(Cl)(Cl)Cl,Organique,5,B,13.2588,12.3693,-0.8895,6.709,12.6115,-0.6473,4.882,13.3937,+0.1349,1.018,PTC
BS,[B]#[S],Organique,2,A,5.8,5.0381,-0.7619,13.136,5.1677,-0.6323,10.902,5.8377,+0.0377,0.649,PTC
2-methylfuran,Cc1ccco1,Inorganique,12,C,54.07,53.2550,-0.8150,1.507,53.0073,-1.0627,1.965,53.7375,-0.3325,0.615,PTC
BeF2,F[Be]F,Organique,3,A,13.17,10.6977,-2.4723,18.772,10.6349,-2.5351,19.249,12.7946,-0.3754,2.851,PTC
Dibromofluorochloromethane,C(F)(Cl)(Br)Br,Organique,5,B,13.4937,13.2261,-0.2676,1.983,13.2156,-0.2781,2.061,13.4116,-0.0821,0.609,PTC
BN,[B]=[N],Organique,2,A,3.9,3.6871,-0.2129,5.460,3.6983,-0.2017,5.171,4.0224,+0.1224,3.139,PTC
Dibromomethane,C(Br)Br,Organique,5,B,13.8914,14.0013,+0.1099,0.791,13.9720,+0.0806,0.580,13.9927,+0.1013,0.729,B3LYP/def2-TZVP
HF,[H]F,Organique,2,A,5.869,5.2677,-0.6013,10.245,5.6787,-0.1903,3.242,5.8273,-0.0417,0.710,PTC
Dichloromethane,C(Cl)Cl,Organique,5,B,15.2319,14.9113,-0.3206,2.105,14.9541,-0.2778,1.824,15.3690,+0.1371,0.900,PTC
4-cyanopyridine,N#Cc1ccncc1,Organique,12,C,60.465,59.7262,-0.7388,1.222,59.6524,-0.8126,1.344,61.0808,+0.6158,1.018,PTC
Tribromofluoromethane,C(F)(Br)(Br)Br,Organique,5,B,12.6796,12.7413,+0.0617,0.487,12.6696,-0.0100,0.079,12.7780,+0.0984,0.776,B3LYP/def2-TZVP
Bromotrichloromethane,C(Cl)(Cl)(Cl)Br,Organique,5,B,12.5603,11.8559,-0.7044,5.609,12.0657,-0.4946,3.938,12.6881,+0.1278,1.017,PTC
isobuten,C=C(C)C,Organique,12,C,47.96,47.2489,-0.7111,1.483,47.0506,-0.9094,1.896,48.3284,+0.3684,0.768,PTC
Si2,[Si]=[Si],Organique,2,A,3.21,1.6987,-1.5113,47.080,1.8665,-1.3435,41.853,3.2349,+0.0249,0.774,PTC
EtSMe,CCSC,Organique,12,C,43.85,43.0051,-0.8449,1.927,42.8543,-0.9957,2.271,43.5089,-0.3411,0.778,PTC
ethanolamine,NCCO,Organique,11,C,40.216,39.1507,-1.0653,2.649,39.3207,-0.8953,2.226,39.6293,-0.5867,1.459,PTC
SiO,[Si]#[O],Organique,2,A,8.26,7.7352,-0.5248,6.353,8.0316,-0.2284,2.766,8.2083,-0.0517,0.625,PTC
crotonaldehyde,CC=CC=O,Organique,11,C,46.915,46.2680,-0.6470,1.379,46.1156,-0.7994,1.704,47.2840,+0.3690,0.786,PTC
"1,1,1-trichloroethane",CC(Cl)(Cl)Cl,Organique,8,B,26.902,25.8777,-1.0243,3.807,25.8857,-1.0163,3.778,26.7166,-0.1854,0.689,PTC
thioacetone,CC(=S)C,Organique,10,C,38.96,37.7115,-1.2485,3.205,37.5587,-1.4013,3.597,39.2711,+0.3111,0.798,PTC
2-cyanopyridine,N#Cc1ccccn1,Organique,12,C,60.494,59.7137,-0.7803,1.290,59.6346,-0.8594,1.421,61.1451,+0.6511,1.076,PTC
"1,2-dichlorobenzene",C1=CC=C(C(=C1)Cl)Cl,Organique,12,C,55.806,54.6493,-1.1567,2.073,54.5300,-1.2760,2.286,56.2713,+0.4653,0.834,PTC
EtOMe,CCOC,Organique,12,C,45.18,44.5677,-0.6123,1.355,44.3040,-0.8760,1.939,44.8145,-0.3655,0.809,PTC
thiazole,C1=CSC=N1,Organique,8,B,35.511,34.4377,-1.0733,3.022,34.5938,-0.9172,2.583,35.1318,-0.3792,1.068,PTC
bromobenzene,Brc1ccccc1,Inorganique,12,C,55.931,55.1406,-0.7904,1.413,54.9366,-0.9944,1.778,56.1225,+0.1915,0.342,PTC
vinyl_acetate,CC(=O)OC=C,Organique,12,C,52.052,50.7918,-1.2602,2.421,50.5580,-1.4940,2.870,51.6211,-0.4309,0.828,PTC
CBr4,BrC(Br)(Br)Br,Organique,5,B,10.88,10.3764,-0.5036,4.629,10.4391,-0.4409,4.052,10.8181,-0.0619,0.569,PTC
2butyne,CC#CC,Organique,10,C,41.44,41.1402,-0.2998,0.723,41.0758,-0.3642,0.879,41.7938,+0.3538,0.854,B3LYP/6-31G*
AlO,[Al]=O,Organique,2,A,5.27,4.8910,-0.3790,7.191,5.1355,-0.1345,2.551,5.3072,+0.0372,0.706,PTC
propene,CC=C,Organique,9,C,35.63,35.1165,-0.5135,1.441,35.0312,-0.5988,1.681,35.9372,+0.3072,0.862,PTC
isoxazole,c1conc1,Inorganique,8,B,35.729,35.2326,-0.4964,1.389,35.1216,-0.6074,1.700,35.7744,+0.0454,0.127,PTC
AlCl2,Cl[Al]Cl,Inorganique,3,A,8.837,7.6485,-1.1885,13.449,7.8469,-0.9901,11.205,8.9142,+0.0772,0.874,PTC
methyl_vinyl_ketone,C=CC(=O)C,Organique,11,C,46.887,46.2832,-0.6038,1.288,46.1110,-0.7760,1.655,47.3001,+0.4131,0.881,PTC
pyrazole,C1=CNN=C1,Organique,9,C,40.027,38.7029,-1.3241,3.308,38.7800,-1.2470,3.115,40.1749,+0.1479,0.369,PTC
ethylene_oxide,C1CO1,Organique,7,B,26.95,26.5439,-0.4061,1.507,26.4444,-0.5056,1.876,27.1922,+0.2422,0.899,PTC
MgO,[Mg]=O,Organique,2,A,3.53,1.9778,-1.5522,43.971,2.1545,-1.3755,38.966,3.5079,-0.0221,0.627,PTC
"1,1,2-trichloroethane",ClCC(Cl)Cl,Organique,8,B,26.877,25.9201,-0.9569,3.560,25.9076,-0.9694,3.607,27.1460,+0.2690,1.001,PTC
CH2Br2,BrCBr,Organique,5,B,14.09,14.0013,-0.0887,0.630,13.9720,-0.1180,0.837,13.9927,-0.0973,0.691,B3LYP/6-31G*
crotonic_acid,CC=CC(=O)O,Organique,12,C,51.967,51.2136,-0.7534,1.450,51.1408,-0.8262,1.590,51.4886,-0.4784,0.921,PTC
CH2Cl2,ClCCl,Organique,5,B,15.45,14.9113,-0.5387,3.487,14.9541,-0.4959,3.209,15.3325,-0.1175,0.760,PTC
DMF,CN(C)C=O,Organique,12,C,47.84,46.9917,-0.8483,1.773,46.8069,-1.0331,2.160,47.2316,-0.6084,1.272,PTC
KF,[K]F,Organique,2,A,5.144,3.5745,-1.5695,30.511,4.4601,-0.6839,13.296,5.1943,+0.0503,0.977,PTC
acetone,CC(C)=O,Organique,10,C,40.57,40.0900,-0.4800,1.183,39.9145,-0.6555,1.616,40.1934,-0.3766,0.928,PTC
Na2,[Na][Na],Organique,2,A,0.735,0.6959,-0.0391,5.326,0.6993,-0.0357,4.862,0.7419,+0.0069,0.934,PTC
MgF2,F[Mg]F,Inorganique,3,A,10.85,9.3332,-1.5168,13.979,9.4877,-1.3623,12.556,11.0454,+0.1954,1.801,PTC
chlorobenzene,Clc1ccccc1,Inorganique,12,C,56.583,55.6204,-0.9626,1.701,55.4693,-1.1137,1.968,56.7431,+0.1601,0.283,PTC
formamide,C(=O)N,Organique,6,B,23.615,23.2083,-0.4067,1.722,23.4249,-0.1901,0.805,23.1372,-0.4778,2.023,B3LYP/def2-TZVP
Dichlorofluorobromomethane,C(F)(Cl)(Cl)Br,Organique,5,B,14.1793,13.7299,-0.4494,3.170,13.7715,-0.4078,2.876,14.0693,-0.1100,0.776,PTC
BCl,[B]Cl,Organique,2,A,5.17,4.9657,-0.2043,3.951,4.9791,-0.1909,3.692,5.2901,+0.1201,2.322,PTC
CS,[C]#[S],Organique,2,A,7.36,6.2842,-1.0758,14.617,6.6080,-0.7520,10.218,7.5860,+0.2260,3.071,PTC
HBr,[H]Br,Organique,2,A,3.76,3.6729,-0.0871,2.317,3.7574,-0.0026,0.069,3.7261,-0.0339,0.903,B3LYP/def2-TZVP
gamma-butyrolactone,O=C1CCCO1,Inorganique,12,C,52.216,51.3380,-0.8780,1.682,51.0165,-1.1995,2.297,51.7119,-0.5041,0.965,PTC
formamid,NC=O,Organique,6,B,23.62,23.2083,-0.4117,1.743,23.4249,-0.1951,0.826,23.1372,-0.4828,2.044,B3LYP/def2-TZVP
acrylN,C=CC#N,Organique,7,B,32.04,31.5443,-0.4957,1.547,31.6333,-0.4067,1.269,32.2445,+0.2045,0.638,PTC
1butene,C=CCC,Organique,12,C,47.79,47.0468,-0.7432,1.555,46.8657,-0.9243,1.934,48.2590,+0.4690,0.981,PTC
SiCl4,Cl[Si](Cl)(Cl)Cl,Organique,5,B,16.5,14.9434,-1.5566,9.434,15.6052,-0.8948,5.423,16.6989,+0.1989,1.205,PTC
OH,[O][H],Organique,2,A,4.392,4.1696,-0.2224,5.065,4.3860,-0.0060,0.136,4.3487,-0.0433,0.986,B3LYP/def2-TZVP
Hydrogen_bromide,Br,Organique,2,A,3.6871,3.6729,-0.0142,0.386,3.7574,+0.0703,1.906,3.7261,+0.0390,1.057,B3LYP/6-31G*
1-PrOH,CCCO,Organique,12,C,45.59,44.6331,-0.9569,2.099,44.5378,-1.0522,2.308,45.1288,-0.4612,1.012,PTC
HOBr,BrO,Organique,3,A,6.582,6.1840,-0.3980,6.047,6.4847,-0.0973,1.478,6.6806,+0.0986,1.499,B3LYP/def2-TZVP
gamma-butyrolactone,C1CC(=O)OC1,Organique,12,C,52.216,51.3380,-0.8780,1.682,51.0168,-1.1992,2.297,51.7119,-0.5041,0.965,PTC
SiH4,[SiH4],Organique,5,B,12.94,13.0700,+0.1300,1.005,13.1959,+0.2559,1.977,13.0789,+0.1389,1.073,B3LYP/6-31G*
Fluorochlorobromomethane,C(F)(Cl)Br,Organique,5,B,15.0749,14.9285,-0.1464,0.971,14.9112,-0.1637,1.086,15.2447,+0.1698,1.126,B3LYP/6-31G*
Cyclopropanone,C1CC1=O,Organique,8,B,33.3172,33.0213,-0.2959,0.888,32.9587,-0.3585,1.076,33.6605,+0.3433,1.030,B3LYP/6-31G*
pyruvic_acid,CC(=O)C(=O)O,Organique,10,C,43.049,43.6576,+0.6086,1.414,43.5606,+0.5116,1.188,43.4943,+0.4453,1.034,PTC
NMA2,CC(=O)NC,Organique,12,C,48.15,47.2968,-0.8532,1.772,47.2119,-0.9381,1.948,47.4313,-0.7187,1.493,PTC
SCl,[S]Cl,Organique,2,A,2.68,2.5748,-0.1052,3.926,2.8289,+0.1489,5.558,2.6915,+0.0115,0.430,PTC
HCFC_141b,CC(F)(Cl)Cl,Organique,8,B,28.484,27.6894,-0.7946,2.790,27.5624,-0.9216,3.235,28.2017,-0.2823,0.991,PTC
Dichlorodibromomethane,C(Cl)(Cl)(Br)Br,Organique,5,B,11.8866,11.3537,-0.5329,4.483,11.5239,-0.3627,3.051,12.0402,+0.1536,1.292,PTC
acrylamide,C=CC(=O)N,Organique,10,C,42.382,41.6564,-0.7256,1.712,41.7868,-0.5952,1.404,42.5682,+0.1862,0.439,PTC
EtF,CCF,Organique,8,B,29.7,29.3831,-0.3169,1.067,29.2253,-0.4747,1.598,30.0357,+0.3357,1.130,B3LYP/6-31G*
cC4H8,C1CCC1,Organique,12,C,47.49,46.6984,-0.7916,1.667,46.3715,-1.1185,2.355,46.9487,-0.5413,1.140,PTC
2_Cyclopropen_1_imine,C1=CC1=N,Organique,7,B,29.5484,29.3126,-0.2358,0.798,29.4827,-0.0657,0.222,29.0927,-0.4557,1.542,B3LYP/def2-TZVP
POBr3,BrP(Br)(Br)=O,Inorganique,5,B,13.083,11.8432,-1.2398,9.476,12.7061,-0.3769,2.880,13.0348,-0.0482,0.369,PTC
thioformaldehyde,C=S,Organique,4,A,14.694,13.2154,-1.4786,10.063,13.2460,-1.4480,9.854,14.8640,+0.1700,1.157,PTC
Bromodichloromethane,C(Cl)(Cl)Br,Organique,5,B,13.614,13.2308,-0.3832,2.815,13.3397,-0.2743,2.015,13.7968,+0.1828,1.343,PTC
Nitric_acid,[N+](=O)(O)[O-],Organique,5,B,16.0815,15.8095,-0.2720,1.691,15.9803,-0.1012,0.629,16.1788,+0.0973,0.605,PTC
Benzene,C1=CC=CC=C1,Organique,12,C,56.6295,56.4657,-0.1638,0.289,56.2871,-0.3424,0.605,57.2968,+0.6673,1.178,B3LYP/6-31G*
acetone,CC(=O)C,Inorganique,10,C,40.673,40.0898,-0.5832,1.434,39.9144,-0.7586,1.865,40.1934,-0.4796,1.179,PTC
PF,[P]F,Organique,2,A,4.47,3.1784,-1.2916,28.896,3.4214,-1.0486,23.459,4.4924,+0.0224,0.502,PTC
CH2NH,C=N,Organique,5,B,18.11,17.8698,-0.2402,1.326,18.0067,-0.1033,0.571,17.7902,-0.3198,1.766,B3LYP/def2-TZVP
NaCl,[Na]Cl,Organique,2,A,4.23,3.6999,-0.5301,12.531,3.7542,-0.4758,11.248,4.0611,-0.1689,3.994,PTC
dicyanog,N#CC#N,Organique,4,A,21.45,20.7033,-0.7467,3.481,20.8827,-0.5673,2.645,21.5046,+0.0546,0.255,PTC
DME,COC,Organique,9,C,32.9,32.4526,-0.4474,1.360,32.2835,-0.6165,1.874,32.5031,-0.3969,1.206,PTC
HCN,C#N,Organique,3,A,13.39,12.9504,-0.4396,3.283,13.1190,-0.2710,2.024,13.5523,+0.1623,1.212,PTC
2-PrOH,CC(O)C,Organique,12,C,45.77,44.8042,-0.9658,2.110,44.7186,-1.0514,2.297,45.2143,-0.5557,1.214,PTC
K2,[K][K],Organique,2,A,0.514,0.4943,-0.0197,3.842,0.5020,-0.0120,2.344,0.5202,+0.0062,1.215,PTC
HCl,[H]Cl,Organique,2,A,4.43,4.1500,-0.2800,6.319,4.3247,-0.1053,2.377,4.3764,-0.0536,1.211,PTC
NCl,[N]Cl,Organique,2,A,2.75,0.8402,-1.9098,69.448,1.0913,-1.6587,60.318,2.8254,+0.0754,2.740,PTC
Nitrosyl_chloride,N(=O)Cl,Organique,3,A,8.1107,7.5864,-0.5243,6.464,7.7001,-0.4106,5.062,8.2481,+0.1374,1.694,PTC
malononitrile,C(C#N)C#N,Organique,7,B,34.671,33.3752,-1.2958,3.737,33.5255,-1.1455,3.304,34.0259,-0.6451,1.861,PTC
PCl3,ClP(Cl)Cl,Organique,4,A,9.94,8.8807,-1.0593,10.657,9.5813,-0.3587,3.609,9.8166,-0.1234,1.242,PTC
Fluorodichloromethane,C(F)(Cl)Cl,Organique,5,B,15.771,15.4325,-0.3385,2.146,15.4632,-0.3078,1.952,15.9955,+0.2245,1.423,PTC
maleimide,O=C1C=CC(=O)N1,Organique,10,C,48.938,48.0402,-0.8978,1.835,48.0484,-0.8896,1.818,49.3322,+0.3942,0.805,PTC
butyrN,CCCC#N,Organique,12,C,50.08,49.3063,-0.7737,1.545,49.1708,-0.9092,1.815,49.3446,-0.7354,1.468,PTC
Hydrogen_chloride,Cl,Organique,2,A,4.4322,4.1500,-0.2822,6.366,4.3247,-0.1075,2.426,4.3764,-0.0558,1.260,PTC
Pentatetraene,C=C=C=C=C,Organique,9,C,41.1301,38.8493,-2.2808,5.545,39.0787,-2.0514,4.988,41.6559,+0.5258,1.278,PTC
dimethylphosphine,CPC,Inorganique,10,C,34.377,33.7958,-0.5812,1.691,33.8810,-0.4960,1.443,33.9368,-0.4402,1.281,PTC
Cyclobutene,C1CC=C1,Organique,10,C,41.0822,40.9193,-0.1629,0.397,40.7251,-0.3571,0.869,41.6094,+0.5272,1.283,B3LYP/6-31G*
thioacetic_acid,CC(=O)S,Organique,8,B,31.162,30.3747,-0.7873,2.527,30.4907,-0.6713,2.154,30.7561,-0.4059,1.303,PTC
fluorobenzene,Fc1ccccc1,Inorganique,12,C,57.888,57.1833,-0.7047,1.217,56.8736,-1.0144,1.752,57.8082,-0.0798,0.138,PTC
pyridazine,C1=CC=NN=C1,Organique,10,C,45.663,45.1589,-0.5041,1.104,45.0750,-0.5880,1.288,46.1999,+0.5369,1.176,B3LYP/6-31G*
2_Fluoroethanol,C(CF)O,Organique,9,C,33.5057,33.1536,-0.3521,1.051,33.1316,-0.3741,1.117,33.9456,+0.4399,1.313,B3LYP/6-31G*
Chlorodibromomethane,C(Cl)(Br)Br,Organique,5,B,12.9481,12.7510,-0.1971,1.522,12.8193,-0.1288,0.995,13.1337,+0.1856,1.433,B3LYP/def2-TZVP
acrolein,O=CC=C,Inorganique,8,B,34.582,34.0159,-0.5661,1.637,33.9358,-0.6462,1.869,35.0452,+0.4632,1.339,PTC
AlBr3,Br[Al](Br)Br,Inorganique,4,A,11.304,10.4287,-0.8753,7.743,10.5419,-0.7621,6.742,11.6303,+0.3263,2.887,PTC
acrolein,C=CC=O,Organique,8,B,34.58,34.0158,-0.5642,1.632,33.9357,-0.6443,1.863,35.0452,+0.4652,1.345,PTC
3-hydroxypyridine,Oc1cccnc1,Organique,12,C,56.371,55.3623,-1.0087,1.789,55.3122,-1.0588,1.878,57.3994,+1.0284,1.824,B3LYP/6-31G*
p-dichlorobenzene,Clc1ccc(Cl)cc1,Inorganique,12,C,56.302,54.7437,-1.5583,2.768,54.6253,-1.6767,2.978,55.5545,-0.7475,1.328,PTC
cyclopropene,C1C=C1,Organique,7,B,28.449,27.6256,-0.8234,2.894,27.6239,-0.8251,2.900,28.0626,-0.3864,1.358,PTC
CaO,[Ca]=O,Inorganique,2,A,4.695,1.9191,-2.7759,59.124,3.5278,-1.1672,24.861,4.6644,-0.0306,0.652,PTC
perfluoropropane,FC(F)(F)C(F)(F)C(F)(F)F,Organique,11,C,47.345,46.9242,-0.4208,0.889,45.4203,-1.9247,4.065,48.0142,+0.6692,1.413,B3LYP/6-31G*
azetidine,C1CNC1,Inorganique,11,C,42.175,41.2156,-0.9594,2.275,41.0689,-1.1061,2.623,41.3706,-0.8044,1.907,PTC
Hydrogen_isocyanide,[C-]#[NH+],Organique,3,A,12.4988,12.2285,-0.2703,2.162,12.5072,+0.0084,0.067,12.3246,-0.1742,1.393,B3LYP/def2-TZVP
methyl_acrylate,COC(=O)C=C,Organique,12,C,51.884,50.8183,-1.0657,2.054,50.5801,-1.3039,2.513,51.1553,-0.7287,1.404,PTC
"1,3-dioxolane",C1COCO1,Organique,11,C,44.462,43.2947,-1.1673,2.625,42.9903,-1.4717,3.310,43.8334,-0.6286,1.414,PTC
CHF2Cl,FC(F)Cl,Inorganique,5,B,17.603,17.2839,-0.3191,1.813,17.1567,-0.4463,2.535,17.3755,-0.2275,1.292,PTC
m-dichlorobenzene,Clc1cccc(Cl)c1,Inorganique,12,C,56.334,54.7351,-1.5989,2.838,54.6216,-1.7124,3.040,55.5481,-0.7859,1.395,PTC
P2,[P]#[P],Organique,2,A,5.033,3.1717,-1.8613,36.982,3.6427,-1.3903,27.623,4.9609,-0.0721,1.433,PTC
NMA,CC(=O)N,Organique,9,C,36.26,35.4217,-0.8383,2.312,35.5430,-0.7170,1.977,35.4570,-0.8030,2.215,B3LYP/def2-TZVP
Fluorodibromomethane,C(F)(Br)Br,Organique,5,B,14.3873,14.4417,+0.0544,0.378,14.3710,-0.0163,0.113,14.5978,+0.2105,1.463,B3LYP/def2-TZVP
hexafluorobenzene,C1(=C(C(=C(C(=C1F)F)F)F)F)F,Organique,12,C,59.778,59.3615,-0.4165,0.697,58.4187,-1.3593,2.274,60.6471,+0.8691,1.454,B3LYP/6-31G*
acrylic_acid,OC(=O)C=C,Inorganique,9,C,39.83,39.0314,-0.7986,2.005,39.0542,-0.7758,1.948,39.2477,-0.5823,1.462,PTC
H2S,S,Organique,3,A,7.45,7.2067,-0.2433,3.266,7.4434,-0.0066,0.089,7.5767,+0.1267,1.701,B3LYP/def2-TZVP
CaF,[Ca]F,Organique,2,A,5.29,4.0652,-1.2248,23.154,4.8741,-0.4159,7.861,5.2145,-0.0755,1.427,PTC
SiOCl2,Cl[Si](=O)Cl,Inorganique,4,A,15.395,12.6179,-2.7771,18.039,13.1944,-2.2006,14.294,15.2984,-0.0966,0.627,PTC
CH,[C][H],Organique,2,A,3.465,3.3467,-0.1183,3.414,3.4393,-0.0257,0.743,3.5165,+0.0515,1.487,B3LYP/def2-TZVP
methyl_vinyl_ether,COC=C,Organique,10,C,39.501,38.8576,-0.6434,1.629,38.7478,-0.7532,1.907,40.0930,+0.5920,1.499,PTC
12butadiene,C=C=CC,Organique,10,C,41.27,41.0424,-0.2276,0.552,40.9810,-0.2890,0.700,41.8928,+0.6228,1.509,B3LYP/6-31G*
difluorobromomethane,FC(F)Br,Organique,5,B,16.887,16.7747,-0.1123,0.665,16.5871,-0.2999,1.776,16.6400,-0.2470,1.463,B3LYP/6-31G*
Chlorofluoromethane,C(F)Cl,Organique,5,B,16.5502,16.3931,-0.1571,0.949,16.3772,-0.1730,1.045,16.8169,+0.2667,1.611,B3LYP/6-31G*
SiH2F2,F[SiH2]F,Organique,5,B,17.244,18.0332,+0.7892,4.577,18.3054,+1.0614,6.155,16.9833,-0.2607,1.512,PTC
MePH2,PC,Organique,7,B,22.21,21.7101,-0.4999,2.251,21.8591,-0.3509,1.580,21.8671,-0.3429,1.544,PTC
3_Dioxiranone,C1(=O)OO1,Organique,4,A,16.7055,16.4198,-0.2857,1.710,16.3643,-0.3412,2.042,16.4440,-0.2615,1.566,PTC
KCl,[K]Cl,Organique,2,A,4.43,3.7659,-0.6641,14.991,3.9293,-0.5007,11.302,4.5120,+0.0820,1.852,PTC
Ethoxy,CC[O],Organique,8,B,28.4427,28.2479,-0.1948,0.685,28.1122,-0.3305,1.162,28.8886,+0.4459,1.568,B3LYP/6-31G*
Carbonic_acid,C(=O)(O)O,Organique,6,B,25.3439,25.2032,-0.1407,0.555,25.4245,+0.0806,0.318,24.9452,-0.3987,1.573,B3LYP/def2-TZVP
MecPr,C1CC1C,Organique,12,C,47.8,46.7742,-1.0258,2.146,46.5273,-1.2727,2.662,47.0490,-0.7510,1.571,PTC
Propadienone,C=C=C=O,Organique,6,B,27.7867,27.4900,-0.2967,1.068,27.5945,-0.1922,0.692,27.3487,-0.4380,1.576,B3LYP/def2-TZVP
methacrylonitrile,CC(=C)C#N,Organique,10,C,44.995,43.6717,-1.3233,2.941,43.6519,-1.3431,2.985,44.1866,-0.8084,1.797,PTC
pentafluoroethane,FC(F)C(F)(F)F,Organique,8,B,32.671,32.6512,-0.0198,0.061,31.9158,-0.7552,2.311,33.1938,+0.5228,1.600,B3LYP/6-31G*
"1,3-dioxolane",C1OCOC1,Inorganique,11,C,44.529,43.2945,-1.2345,2.772,42.9901,-1.5389,3.456,43.8233,-0.7057,1.585,PTC
VinylCl,C=CCl,Organique,6,B,22.66,22.1600,-0.5000,2.207,22.2088,-0.4512,1.991,23.0297,+0.3697,1.631,PTC
BO,[B]#[O],Organique,2,A,8.28,8.2043,-0.0757,0.915,8.2445,-0.0355,0.429,8.1379,-0.1421,1.716,B3LYP/def2-TZVP
CCl,[C]Cl,Organique,2,A,3.96,3.9311,-0.0289,0.729,4.0308,+0.0708,1.788,3.9554,-0.0046,0.116,PTC
Difluorodibromomethane,C(F)(F)(Br)Br,Organique,5,B,15.0293,15.2158,+0.1865,1.241,14.9877,-0.0416,0.277,14.7942,-0.2351,1.564,B3LYP/def2-TZVP
pentafluoroethane,FC(F)(F)C(F)F,Inorganique,8,B,32.671,32.6512,-0.0198,0.061,31.9161,-0.7549,2.311,33.1938,+0.5228,1.600,B3LYP/6-31G*
4-hydroxypyridine,Oc1ccncc1,Organique,12,C,56.232,55.4493,-0.7827,1.392,55.4124,-0.8196,1.458,57.4002,+1.1682,2.078,B3LYP/6-31G*
Bromofluoromethane,C(F)Br,Organique,5,B,15.8576,15.9254,+0.0678,0.428,15.8599,+0.0023,0.015,16.1159,+0.2583,1.629,B3LYP/def2-TZVP
Fulvenone,C1=CC(=C=O)C=C1,Organique,11,C,54.5389,54.1583,-0.3806,0.698,54.0934,-0.4455,0.817,55.4252,+0.8863,1.625,B3LYP/6-31G*
SiC,[Si]#[C],Organique,2,A,4.64,2.0324,-2.6076,56.199,2.2259,-2.4141,52.029,4.7155,+0.0755,1.627,PTC
ethyl_formate,CCOC=O,Organique,11,C,44.855,44.4026,-0.4524,1.009,44.1429,-0.7121,1.588,44.1201,-0.7349,1.638,B3LYP/6-31G*
Hypochlorous_acid,OCl,Organique,3,A,6.8025,6.2856,-0.5169,7.599,6.6050,-0.1975,2.903,6.9538,+0.1513,2.224,PTC
acrylic_acid,C=CC(=O)O,Organique,9,C,39.907,39.0315,-0.8755,2.194,39.0543,-0.8527,2.137,39.2492,-0.6578,1.648,PTC
2-azetidinone,O=C1CCN1,Organique,10,C,42.057,41.2940,-0.7630,1.814,41.2156,-0.8414,2.001,41.1484,-0.9086,2.160,B3LYP/6-31G*
2_Butynyl,CC#C[CH2],Organique,9,C,37.3914,37.3704,-0.0210,0.056,37.3514,-0.0400,0.107,38.0110,+0.6196,1.657,B3LYP/6-31G*
methylenecyclopropane,C=C1CC1,Organique,10,C,41.133,40.4798,-0.6532,1.588,40.4034,-0.7296,1.774,41.8155,+0.6825,1.659,B3LYP/6-31G*
DMS,CSC,Organique,9,C,31.67,31.0491,-0.6209,1.960,30.9953,-0.6747,2.130,31.1445,-0.5255,1.659,PTC
2-methylimidazole,CC1=NC=CN1,Organique,12,C,52.237,51.3662,-0.8708,1.667,51.3546,-0.8824,1.689,52.8068,+0.5698,1.091,PTC
1_1_Ethenediol,C=C(O)O,Organique,8,B,31.8881,31.3419,-0.5462,1.713,31.5935,-0.2946,0.924,32.4196,+0.5315,1.667,B3LYP/def2-TZVP
LiOH,[Li]O,Inorganique,3,A,8.921,7.9676,-0.9534,10.687,8.2232,-0.6978,7.822,8.7831,-0.1379,1.546,PTC
trioxane,C1OCOCO1,Organique,12,C,48.412,47.5427,-0.8693,1.796,47.1774,-1.2346,2.550,47.5969,-0.8151,1.684,PTC
S2F2,FSSF,Inorganique,4,A,11.412,9.2979,-2.1141,18.525,10.0257,-1.3863,12.147,11.7517,+0.3397,2.977,PTC
SiF,[Si]F,Organique,2,A,5.57,5.8152,+0.2452,4.403,5.9981,+0.4281,7.685,5.5579,-0.0121,0.217,PTC
allyl_chloride,C=CCCl,Organique,9,C,34.886,34.1255,-0.7605,2.180,34.0717,-0.8143,2.334,35.4857,+0.5997,1.719,PTC
propylene_oxide,CC1CO1,Organique,10,C,39.31,38.7192,-0.5908,1.503,38.5148,-0.7952,2.023,38.6424,-0.6676,1.698,B3LYP/6-31G*
glycolal,OCC=O,Organique,8,B,32.44,31.5913,-0.8487,2.616,31.6478,-0.7922,2.442,31.8810,-0.5590,1.723,PTC
Peroxynitrous_acid,N(=O)OO,Organique,5,B,14.7104,14.3155,-0.3949,2.685,14.4254,-0.2850,1.937,14.7150,+0.0046,0.032,PTC
AlH,[Al][H],Organique,2,A,2.98,2.8439,-0.1361,4.567,2.9103,-0.0697,2.338,2.9425,-0.0375,1.259,PTC
trifluoroethanol,C(C(F)(F)F)O,Organique,9,C,35.892,35.3161,-0.5759,1.604,34.9284,-0.9636,2.685,35.2657,-0.6263,1.745,B3LYP/6-31G*
Butatriene,C=C=C=C,Organique,8,B,35.0462,32.4223,-2.6239,7.487,32.5715,-2.4747,7.061,35.6641,+0.6179,1.763,PTC
Tribromochloromethane,C(Cl)(Br)(Br)Br,Organique,5,B,11.2062,10.8571,-0.3491,3.115,10.9793,-0.2269,2.025,11.4169,+0.2107,1.880,PTC
NaO,[Na][O],Organique,2,A,2.6,2.2552,-0.3448,13.260,2.4858,-0.1142,4.390,2.6505,+0.0505,1.941,PTC
N2H4,NN,Organique,6,B,17.96,17.2230,-0.7370,4.104,17.6282,-0.3318,1.847,17.8747,-0.0853,0.475,PTC
CS2,S=C=S,Organique,3,A,11.09,9.7509,-1.3391,12.075,9.8210,-1.2690,11.443,10.8846,-0.2054,1.852,PTC
NaBr,[Na]Br,Organique,2,A,3.79,3.3902,-0.3998,10.549,3.4181,-0.3719,9.813,3.8377,+0.0477,1.257,PTC
SH,[S][H],Organique,2,A,3.56,3.5089,-0.0511,1.434,3.6382,+0.0782,2.197,3.6326,+0.0726,2.040,B3LYP/6-31G*
ethanol,CCO,Organique,9,C,33.43,32.6719,-0.7581,2.268,32.6849,-0.7451,2.229,32.8255,-0.6045,1.808,PTC
BF,[B]F,Organique,2,A,7.81,7.4345,-0.3755,4.807,7.3665,-0.4435,5.678,7.7827,-0.0273,0.350,PTC
3_Buten_2_one,CC(=O)C=C,Organique,11,C,46.4575,46.2830,-0.1745,0.376,46.1109,-0.3466,0.746,47.3018,+0.8443,1.817,B3LYP/6-31G*
CaF2,F[Ca]F,Inorganique,3,A,11.684,9.1243,-2.5597,21.907,10.9088,-0.7752,6.635,11.9017,+0.2177,1.863,PTC
cC3H6,C1CC1,Organique,9,C,35.29,34.7442,-0.5458,1.547,34.6016,-0.6884,1.951,34.6393,-0.6507,1.844,B3LYP/6-31G*
C2H4,C=C,Organique,6,B,23.09,22.9923,-0.0977,0.423,23.0133,-0.0767,0.332,22.6628,-0.4272,1.850,B3LYP/def2-TZVP
CBrCl3,ClC(Cl)(Cl)Br,Inorganique,5,B,12.867,11.8557,-1.0113,7.860,12.0655,-0.8015,6.229,12.6569,-0.2101,1.633,PTC
1-methylimidazole,CN1C=CN=C1,Organique,12,C,51.755,51.0428,-0.7122,1.376,50.9604,-0.7946,1.535,52.4677,+0.7127,1.377,B3LYP/6-31G*
Si2Cl6,Cl[Si](Cl)(Cl)[Si](Cl)(Cl)Cl,Inorganique,8,B,27.372,24.1166,-3.2554,11.893,25.1052,-2.2668,8.282,26.8951,-0.4769,1.742,PTC
1_2_Butadiene,CC=C=C,Organique,10,C,41.1027,41.0422,-0.0605,0.147,40.9808,-0.1219,0.297,41.8988,+0.7961,1.937,B3LYP/6-31G*
HFC_134a,FCC(F)(F)F,Organique,8,B,31.864,31.8842,+0.0202,0.063,31.3285,-0.5355,1.680,32.4915,+0.6275,1.969,B3LYP/6-31G*
biuret,NC(=O)NC(=O)N,Organique,12,C,51.641,48.7636,-2.8774,5.572,49.1698,-2.4712,4.785,49.8579,-1.7831,3.453,PTC
EtSSH,CCSS,Organique,10,C,34.46,33.3659,-1.0941,3.175,33.5965,-0.8635,2.506,35.1378,+0.6778,1.967,PTC
methyl_thiocyanate,CSC#N,Organique,7,B,28.053,27.2791,-0.7739,2.759,27.5009,-0.5521,1.968,27.4047,-0.6483,2.311,B3LYP/def2-TZVP
Ethylperoxy,CCO[O],Organique,9,C,31.115,31.0920,-0.0230,0.074,30.8571,-0.2579,0.829,31.7446,+0.6296,2.023,B3LYP/6-31G*
Bromoform,C(Br)(Br)Br,Organique,5,B,12.2645,12.2885,+0.0240,0.195,12.3083,+0.0438,0.357,12.5159,+0.2514,2.049,B3LYP/6-31G*
CF,[C]F,Organique,2,A,5.56,5.7428,+0.1828,3.288,5.6698,+0.1098,1.974,5.5379,-0.0221,0.398,PTC
Isobutene,CC(=C)C,Organique,12,C,47.3619,47.2491,-0.1128,0.238,47.0508,-0.3111,0.657,48.3247,+0.9628,2.033,B3LYP/6-31G*
DMA,CNC,Organique,10,C,36.34,35.1943,-1.1457,3.153,35.1275,-1.2125,3.336,35.3822,-0.9578,2.636,PTC
succinic_anhydride,O=C1OC(=O)CC1,Organique,11,C,51.962,50.9028,-1.0592,2.038,50.6233,-1.3387,2.576,50.8828,-1.0792,2.077,B3LYP/6-31G*
CH3OH,CO,Organique,6,B,21.29,20.5484,-0.7416,3.483,20.6700,-0.6200,2.912,20.8464,-0.4436,2.083,PTC
cyclopentadiene,C1C=CC=C1,Organique,11,C,49.304,48.3995,-0.9045,1.834,48.2767,-1.0273,2.084,50.3404,+1.0364,2.102,B3LYP/6-31G*
CH2O,C=O,Organique,4,A,15.46,15.4209,-0.0391,0.253,15.4254,-0.0346,0.223,15.7860,+0.3260,2.109,B3LYP/def2-TZVP
epichlorohydrin,ClCC1CO1,Organique,10,C,38.959,37.7572,-1.2018,3.085,37.5787,-1.3803,3.543,38.1375,-0.8215,2.109,PTC
BH3,[BH3],Inorganique,4,A,11.535,11.6987,+0.1637,1.419,11.5847,+0.0497,0.431,11.7819,+0.2469,2.141,B3LYP/def2-TZVP
oxetane,C1COC1,Organique,10,C,39.26,38.6354,-0.6246,1.591,38.3906,-0.8694,2.214,38.4167,-0.8433,2.148,B3LYP/6-31G*
pyridine,c1ccncc1,Organique,11,C,51.43,51.2655,-0.1645,0.320,51.1234,-0.3066,0.596,52.8082,+1.3782,2.680,B3LYP/6-31G*
butad,C=CC=C,Organique,10,C,42.13,41.4642,-0.6658,1.580,41.4265,-0.7035,1.670,43.0403,+0.9103,2.161,B3LYP/6-31G*
EtCN,CCC#N,Organique,9,C,37.93,37.3369,-0.5931,1.564,37.2973,-0.6327,1.668,37.0088,-0.9212,2.429,B3LYP/6-31G*
Acetone_enol,CC(=C)O,Organique,10,C,39.6181,39.3341,-0.2840,0.717,39.3664,-0.2517,0.635,40.4802,+0.8621,2.176,B3LYP/def2-TZVP
Dichlorodifluoromethane,C(F)(F)(Cl)Cl,Organique,5,B,16.5227,16.2344,-0.2883,1.745,16.1233,-0.3994,2.417,16.1883,-0.3344,2.024,B3LYP/6-31G*
2_Methylallyl,CC(=C)[CH2],Organique,11,C,43.551,43.4786,-0.0724,0.166,43.3435,-0.2075,0.477,44.5010,+0.9500,2.181,B3LYP/6-31G*
HOSO2,OS(=O)=O,Inorganique,6,B,20.871,17.5149,-3.3561,16.080,19.1600,-1.7110,8.198,21.4936,+0.6226,2.983,PTC
MgH,[Mg][H],Organique,2,A,1.28,1.3333,+0.0533,4.167,1.3383,+0.0583,4.551,1.2752,-0.0048,0.376,PTC
SO,O=S,Organique,2,A,5.343,3.7164,-1.6266,30.443,4.1370,-1.2060,22.572,5.2237,-0.1193,2.234,PTC
PFCl2,ClP(Cl)F,Inorganique,4,A,11.188,10.7842,-0.4038,3.609,11.3949,+0.2069,1.849,11.4465,+0.2585,2.310,B3LYP/def2-TZVP
F2,FF,Organique,2,A,1.602,-0.7568,-2.3588,147.240,-0.7194,-2.3214,144.906,1.5661,-0.0359,2.244,PTC
Allyl,C=C[CH2],Organique,8,B,31.4505,31.4061,-0.0444,0.141,31.3822,-0.0683,0.217,32.1577,+0.7072,2.249,B3LYP/6-31G*
Tetrafluoroethylene,C(=C(F)F)(F)F,Organique,6,B,24.9024,25.0356,+0.1332,0.535,24.5107,-0.3917,1.573,24.3444,-0.5580,2.241,B3LYP/6-31G*
CFC12,FC(F)(Cl)Cl,Organique,5,B,16.54,16.2345,-0.3055,1.847,16.1235,-0.4165,2.518,16.1883,-0.3517,2.127,B3LYP/6-31G*
n_Propyl,CC[CH2],Organique,10,C,36.5658,36.6024,+0.0366,0.100,36.4383,-0.1275,0.349,37.4062,+0.8404,2.298,B3LYP/6-31G*
oxazole,c1cocn1,Inorganique,8,B,36.704,36.1770,-0.5270,1.436,36.0832,-0.6208,1.691,36.6128,-0.0912,0.248,PTC
glyoxal,O=CC=O,Organique,6,B,26.74,26.3382,-0.4018,1.502,26.2755,-0.4645,1.737,27.3651,+0.6251,2.338,B3LYP/6-31G*
lactic_acid,CC(C(=O)O)O,Organique,12,C,49.635,48.6905,-0.9445,1.903,48.7069,-0.9281,1.870,48.4702,-1.1648,2.347,B3LYP/def2-TZVP
N-methylimidazole,Cn1ccnc1,Inorganique,12,C,54.134,51.0428,-3.0912,5.710,50.9604,-3.1736,5.862,53.7449,-0.3891,0.719,PTC
urea,NC(N)=O,Organique,8,B,31.97,30.4057,-1.5643,4.893,30.8068,-1.1632,3.638,30.6569,-1.3131,4.107,B3LYP/def2-TZVP
Difluorochlorobromomethane,C(F)(F)(Cl)Br,Organique,5,B,15.8196,15.7164,-0.1032,0.652,15.5501,-0.2695,1.704,15.4606,-0.3590,2.269,B3LYP/6-31G*
CCl4mol,ClC(Cl)(Cl)Cl,Organique,5,B,13.01,12.3693,-0.6407,4.925,12.6116,-0.3984,3.062,13.3558,+0.3458,2.658,PTC
imidazole,C1=CN=CN1,Organique,9,C,39.742,39.1438,-0.5982,1.505,39.2425,-0.4995,1.257,38.1462,-1.5958,4.015,B3LYP/def2-TZVP
EG,OCCO,Organique,10,C,37.64,36.3849,-1.2551,3.334,36.5509,-1.0891,2.894,36.7276,-0.9124,2.424,PTC
AlF,[Al]F,Organique,2,A,6.88,6.6304,-0.2496,3.627,6.7409,-0.1391,2.022,6.7912,-0.0888,1.291,PTC
Hypobromous_acid,OBr,Organique,3,A,6.4892,6.1840,-0.3052,4.704,6.4847,-0.0045,0.069,6.6806,+0.1914,2.950,B3LYP/def2-TZVP
Hydrazino,N[NH],Organique,5,B,14.0383,13.0599,-0.9784,6.970,13.3912,-0.6471,4.610,14.0750,+0.0367,0.261,PTC
CH3Cl,CCl,Organique,5,B,16.31,16.0030,-0.3070,1.882,15.9648,-0.3452,2.117,15.9196,-0.3904,2.394,B3LYP/6-31G*
methyl_cyanoacetate,COC(=O)CC#N,Organique,12,C,53.612,52.8009,-0.8111,1.513,52.6360,-0.9760,1.821,52.1728,-1.4392,2.684,B3LYP/6-31G*
KBr,[K]Br,Organique,2,A,3.93,3.5064,-0.4236,10.779,3.6217,-0.3083,7.844,4.0865,+0.1565,3.983,PTC
Cl2O,ClOCl,Organique,3,A,4.265,3.7635,-0.5015,11.759,4.0283,-0.2367,5.550,4.4364,+0.1714,4.019,PTC
NH2OH,NO,Organique,5,B,14.706,14.1259,-0.5801,3.945,14.4546,-0.2514,1.709,14.8105,+0.1045,0.711,PTC
vinylOH,OC=C,Organique,7,B,27.76,27.1263,-0.6337,2.283,27.2622,-0.4978,1.793,28.4661,+0.7061,2.544,B3LYP/def2-TZVP
CaCl,[Ca]Cl,Organique,2,A,4.13,3.4256,-0.7044,17.057,3.8196,-0.3104,7.515,4.2478,+0.1178,2.853,PTC
BF2Cl,FB(F)Cl,Inorganique,4,A,17.071,16.4897,-0.5813,3.405,16.2760,-0.7950,4.657,17.5207,+0.4497,2.634,PTC
Dibromophosgene,C(=O)(Br)Br,Organique,4,A,13.2659,13.2140,-0.0519,0.391,13.2556,-0.0103,0.078,12.9157,-0.3502,2.640,B3LYP/def2-TZVP
SiHCl3,Cl[SiH](Cl)Cl,Organique,5,B,15.838,14.4969,-1.3411,8.468,15.0288,-0.8092,5.109,16.2962,+0.4582,2.893,PTC
Tetrabromomethane,C(Br)(Br)(Br)Br,Organique,5,B,10.5299,10.3762,-0.1537,1.460,10.4391,-0.0908,0.863,10.8181,+0.2882,2.737,B3LYP/def2-TZVP
"1,1,2-trifluoroethane",FCC(F)F,Inorganique,8,B,30.979,30.6285,-0.3505,1.131,30.3148,-0.6642,2.144,31.8276,+0.8486,2.739,B3LYP/6-31G*
DMC,COC(=O)OC,Organique,12,C,49.33,48.7839,-0.5461,1.107,48.4708,-0.8592,1.742,47.9721,-1.3579,2.753,B3LYP/6-31G*
pyrrole,c1cc[nH]c1,Organique,10,C,44.59,44.0064,-0.5836,1.309,44.0621,-0.5279,1.184,41.7065,-2.8835,6.467,B3LYP/def2-TZVP
OF,[O]F,Organique,2,A,2.24,1.9998,-0.2402,10.721,1.9444,-0.2956,13.196,2.2151,-0.0249,1.113,PTC
methyl_acetate,CC(=O)OC,Organique,11,C,45.289,44.6078,-0.6812,1.504,44.3630,-0.9260,2.045,44.0225,-1.2665,2.797,B3LYP/6-31G*
MeOCHO,COC=O,Organique,8,B,32.74,32.3111,-0.4289,1.310,32.1600,-0.5800,1.772,31.8151,-0.9249,2.825,B3LYP/6-31G*
MgF,[Mg]F,Organique,2,A,4.59,4.0122,-0.5778,12.587,4.1145,-0.4755,10.359,4.7666,+0.1766,3.847,PTC
LiO,[Li][O],Organique,2,A,3.44,3.2265,-0.2135,6.206,3.3195,-0.1205,3.504,3.5647,+0.1247,3.624,B3LYP/def2-TZVP
trifluoroacetic_acid,OC(=O)C(F)(F)F,Organique,8,B,35.837,34.7860,-1.0510,2.933,34.3342,-1.5028,4.193,34.8163,-1.0207,2.848,PTC
SiF3Br,F[Si](F)(F)Br,Inorganique,5,B,19.305,20.7461,+1.4411,7.465,20.9900,+1.6850,8.728,19.8869,+0.5819,3.014,PTC
BeCl,[Be]Cl,Organique,2,A,3.85,3.8999,+0.0499,1.296,3.8196,-0.0304,0.789,3.9632,+0.1132,2.941,B3LYP/def2-TZVP
Vinyl_bromide,C=CBr,Organique,6,B,21.7036,21.6622,-0.0414,0.191,21.6699,-0.0337,0.155,22.3324,+0.6288,2.897,B3LYP/def2-TZVP
PH3,P,Organique,4,A,9.89,9.7256,-0.1644,1.663,9.9388,+0.0488,0.494,9.8623,-0.0277,0.280,PTC
BF3,FB(F)F,Organique,4,A,20.01,19.0071,-1.0029,5.012,18.6688,-1.3412,6.703,19.4300,-0.5800,2.899,PTC
Pentachloroethane,C(C(Cl)(Cl)Cl)(Cl)Cl,Organique,8,B,24.7442,23.3988,-1.3454,5.437,23.5450,-1.1992,4.846,25.5035,+0.7593,3.069,PTC
Al2,[Al]=[Al],Organique,2,A,1.55,-0.3076,-1.8576,119.844,-0.2314,-1.7814,114.929,1.5047,-0.0453,2.920,PTC
CF4,FC(F)(F)F,Organique,5,B,20.2,20.4698,+0.2698,1.336,19.8489,-0.3511,1.738,20.8777,+0.6777,3.355,B3LYP/6-31G*
NaOH,[Na]O,Inorganique,3,A,8.006,7.0096,-0.9964,12.445,7.4114,-0.5946,7.427,8.2462,+0.2402,3.000,PTC
uracil,O=C1NC=CC(=O)N1,Organique,12,C,56.854,55.8572,-0.9968,1.753,55.9481,-0.9059,1.593,54.7642,-2.0898,3.676,B3LYP/def2-TZVP
Sulfuric_acid,OS(=O)(=O)O,Organique,7,B,24.9695,22.1828,-2.7867,11.160,24.0227,-0.9468,3.792,25.7086,+0.7391,2.960,PTC
CH3Br,CBr,Organique,5,B,15.69,15.5825,-0.1075,0.685,15.5166,-0.1734,1.105,15.2253,-0.4647,2.962,B3LYP/6-31G*
S2Cl2,ClSSCl,Inorganique,4,A,8.46,7.0635,-1.3965,16.507,7.9075,-0.5525,6.531,8.2984,-0.1616,1.911,PTC
HNO,N=O,Organique,3,A,8.57,8.3064,-0.2636,3.076,8.4352,-0.1348,1.573,8.3128,-0.2572,3.001,B3LYP/def2-TZVP
Fulminic_acid,[C-]#[N+]O,Organique,4,A,15.2783,14.1936,-1.0847,7.099,14.4480,-0.8303,5.434,15.4290,+0.1507,0.986,PTC
AlCl3,Cl[Al](Cl)Cl,Organique,4,A,13.16,11.9239,-1.2361,9.393,12.2176,-0.9424,7.161,12.7485,-0.4115,3.127,PTC
divinyl_ether,C=COC=C,Organique,11,C,46.194,45.2920,-0.9020,1.953,45.2251,-0.9689,2.097,47.6367,+1.4427,3.123,B3LYP/6-31G*
MgBr2,Br[Mg]Br,Inorganique,3,A,7.455,6.3339,-1.1211,15.038,6.3278,-1.1272,15.120,7.2488,-0.2062,2.766,PTC
MeSiH3,[SiH3]C,Organique,8,B,25.96,25.3331,-0.6269,2.415,25.4385,-0.5215,2.009,25.1407,-0.8193,3.156,B3LYP/def2-TZVP
Biallenyl,C=C=CC=C=C,Organique,12,C,53.3265,53.2608,-0.0657,0.123,53.2731,-0.0534,0.100,55.0297,+1.7032,3.194,B3LYP/def2-TZVP
glycine,NCC(=O)O,Organique,10,C,40.55,39.3232,-1.2268,3.025,39.4687,-1.0813,2.667,38.9776,-1.5724,3.878,B3LYP/def2-TZVP
Methyl_hypochlorite,COCl,Organique,6,B,18.4388,18.2020,-0.2368,1.284,18.2527,-0.1861,1.009,19.0319,+0.5931,3.217,B3LYP/def2-TZVP
vinyl_fluoride,C=CF,Organique,6,B,23.895,23.6349,-0.2601,1.088,23.5767,-0.3183,1.332,24.6647,+0.7697,3.221,B3LYP/6-31G*
Tetrachloroethene,C(=C(Cl)Cl)(Cl)Cl,Organique,6,B,19.9188,19.0047,-0.9141,4.589,19.2130,-0.7058,3.544,19.3103,-0.6085,3.055,PTC
perfluorocyclobutane,FC1(F)C(F)(F)C(F)(F)C1(F)F,Organique,12,C,52.282,52.0351,-0.2469,0.472,50.5676,-1.7144,3.279,53.9833,+1.7013,3.254,B3LYP/6-31G*
"1,2-difluoroethane",FCCF,Organique,8,B,30.161,29.7215,-0.4395,1.457,29.5333,-0.6277,2.081,31.1652,+1.0042,3.330,B3LYP/6-31G*
malonic_acid,C(C(=O)O)C(=O)O,Organique,11,C,49.329,48.4568,-0.8722,1.768,48.4951,-0.8339,1.690,47.6614,-1.6676,3.381,B3LYP/def2-TZVP
Oxaziridine,C1NO1,Organique,6,B,20.3288,20.0741,-0.2547,1.253,20.1101,-0.2187,1.076,20.8109,+0.4821,2.372,B3LYP/def2-TZVP
nitromethane,C[N+](=O)[O-],Organique,7,B,25.32,24.7040,-0.6160,2.433,24.7027,-0.6173,2.438,24.2257,-1.0943,4.322,B3LYP/6-31G*
SOCl2,ClS(Cl)=O,Organique,4,A,10.172,8.0861,-2.0859,20.506,9.2108,-0.9612,9.449,10.6118,+0.4398,4.323,PTC
maleic_anhydride,O=C1OC(=O)C=C1,Organique,9,C,46.29,45.2086,-1.0814,2.336,45.0366,-1.2534,2.708,44.7066,-1.5834,3.421,B3LYP/6-31G*
methyl_isocyanate,CN=C=O,Organique,7,B,30.069,29.6030,-0.4660,1.550,29.6901,-0.3789,1.260,28.9238,-1.1452,3.808,B3LYP/def2-TZVP
SiH2Cl2,Cl[SiH2]Cl,Organique,5,B,15.019,14.0018,-1.0172,6.773,14.4001,-0.6189,4.121,15.5695,+0.5505,3.665,PTC
CH2F2,FCF,Organique,5,B,18.06,18.0401,-0.0199,0.110,17.9226,-0.1374,0.761,18.7887,+0.7287,4.035,B3LYP/6-31G*
Phosgene,C(=O)(Cl)Cl,Organique,4,A,14.6654,14.2082,-0.4572,3.118,14.3393,-0.3261,2.224,14.1651,-0.5003,3.412,B3LYP/def2-TZVP
3_4_Bis_methylene_cyclobutene,C=C1C=CC1=C,Organique,12,C,53.9888,53.4995,-0.4893,0.906,53.3974,-0.5914,1.095,55.9239,+1.9351,3.584,B3LYP/6-31G*
SO2mol,O=S=O,Organique,3,A,11.03,8.1739,-2.8561,25.894,8.7188,-2.3112,20.954,10.6317,-0.3983,3.611,PTC
Peroxyhypochlorous_acid,OOCl,Organique,4,A,8.5544,8.1546,-0.3998,4.673,8.3573,-0.1971,2.304,8.8657,+0.3113,3.639,B3LYP/def2-TZVP
succinonitrile,C(CC#N)C#N,Organique,10,C,47.099,45.5474,-1.5516,3.294,45.6147,-1.4843,3.152,45.1843,-1.9147,4.065,B3LYP/def2-TZVP
carbonyl_sulfide,C(=O)=S,Organique,3,A,14.318,13.2993,-1.0187,7.115,13.3711,-0.9469,6.613,13.7846,-0.5334,3.725,PTC
Methoxymethyl,CO[CH2],Organique,8,B,28.3632,28.3951,+0.0319,0.112,28.3255,-0.0377,0.133,29.4029,+1.0397,3.666,B3LYP/6-31G*
Tetrafluoromethane,C(F)(F)(F)F,Organique,5,B,20.1929,20.4700,+0.2771,1.372,19.8493,-0.3436,1.701,20.9411,+0.7482,3.705,B3LYP/6-31G*
1_3_Butadien_2_ol,C=CC(=C)O,Organique,11,C,45.8781,45.6165,-0.2616,0.570,45.6825,-0.1956,0.426,47.5689,+1.6908,3.685,B3LYP/def2-TZVP
11DFE,C=C(F)F,Organique,6,B,24.5,24.3079,-0.1921,0.784,24.0620,-0.4380,1.788,25.4072,+0.9072,3.703,B3LYP/6-31G*
SiH3Br,[SiH3]Br,Inorganique,5,B,13.323,12.9948,-0.3282,2.464,13.1752,-0.1478,1.109,13.8497,+0.5267,3.953,B3LYP/def2-TZVP
Chlorotrifluoromethane,C(F)(F)(F)Cl,Organique,5,B,18.3162,18.3095,-0.0067,0.037,17.9617,-0.3545,1.935,17.6467,-0.6695,3.655,B3LYP/6-31G*
3_Butenyl,[CH2]CC=C,Organique,11,C,42.8536,42.7529,-0.1007,0.235,42.6513,-0.2023,0.472,44.4696,+1.6160,3.771,B3LYP/6-31G*
Bromotrifluoromethane,C(F)(F)(F)Br,Organique,5,B,17.5556,17.7928,+0.2372,1.351,17.3805,-0.1751,0.997,16.8983,-0.6573,3.744,B3LYP/def2-TZVP
MgCl2,Cl[Mg]Cl,Inorganique,3,A,8.185,7.1873,-0.9977,12.189,7.2711,-0.9139,11.165,8.2806,+0.0956,1.168,PTC
SF2,FSF,Organique,3,A,7.47,6.9685,-0.5015,6.713,7.3361,-0.1339,1.792,7.3044,-0.1656,2.217,B3LYP/def2-TZVP
Sulfurous_acid,OS(=O)O,Organique,6,B,20.1548,18.2656,-1.8892,9.373,19.5900,-0.5648,2.802,19.3777,-0.7771,3.856,B3LYP/def2-TZVP
N2O,[N-]=[N+]=O,Organique,3,A,11.44,6.9457,-4.4943,39.286,6.9314,-4.5086,39.411,11.8863,+0.4463,3.901,PTC
CBr2F2,FC(F)(Br)Br,Inorganique,5,B,15.393,15.2158,-0.1772,1.151,14.9878,-0.4052,2.633,14.7942,-0.5988,3.890,B3LYP/6-31G*
Divinylacetylene,C=CC#CC=C,Organique,12,C,53.9183,53.6507,-0.2676,0.496,53.6511,-0.2672,0.496,56.0415,+2.1232,3.938,B3LYP/def2-TZVP
Fulvene,C=C1C=CC=C1,Organique,12,C,55.2688,54.8815,-0.3873,0.701,54.7602,-0.5086,0.920,57.4568,+2.1880,3.959,B3LYP/6-31G*
Carbon_suboxide,C(=C=O)=C=O,Organique,5,B,28.2157,27.7013,-0.5144,1.823,27.8632,-0.3525,1.249,27.0873,-1.1284,3.999,B3LYP/def2-TZVP
pyrazine,c1cnccn1,Inorganique,10,C,46.516,45.9690,-0.5470,1.176,45.8632,-0.6528,1.403,48.4311,+1.9151,4.117,B3LYP/6-31G*
vinylacetylene,C=CC#C,Organique,8,B,35.03,35.0953,+0.0653,0.186,35.1956,+0.1656,0.473,36.4359,+1.4059,4.013,B3LYP/6-31G*
NCl3,ClN(Cl)Cl,Inorganique,4,A,6.287,5.6608,-0.6262,9.960,5.9969,-0.2901,4.614,6.4250,+0.1380,2.194,PTC
KOH,[K]O,Inorganique,3,A,8.175,6.6840,-1.4910,18.239,7.4422,-0.7328,8.964,7.8485,-0.3265,3.994,PTC
N2O4,O=[N+]([O-])[N+](=O)[O-],Organique,6,B,20.013,19.3465,-0.6665,3.330,19.3594,-0.6536,3.266,20.6239,+0.6109,3.053,PTC
propanac,CCC(=O)O,Organique,11,C,46.3,44.8075,-1.4925,3.224,44.7092,-1.5908,3.436,44.4014,-1.8986,4.101,B3LYP/6-31G*
BCl3,ClB(Cl)Cl,Organique,4,A,13.69,13.0177,-0.6723,4.911,13.0224,-0.6676,4.877,14.2563,+0.5663,4.137,PTC
beta-propiolactone,O=C1CCO1,Inorganique,9,C,39.42,38.8011,-0.6189,1.570,38.5844,-0.8356,2.120,37.7873,-1.6327,4.142,B3LYP/6-31G*
beta_propiolactone,C1CC(=O)O1,Organique,9,C,39.409,38.8011,-0.6079,1.543,38.5843,-0.8247,2.093,37.7746,-1.6344,4.147,B3LYP/6-31G*
ethylene_carbonate,C1COC(=O)O1,Organique,10,C,45.142,43.5771,-1.5649,3.467,43.2889,-1.8531,4.105,43.2692,-1.8728,4.149,B3LYP/6-31G*
Difluoromethane,C(F)F,Organique,5,B,18.0484,18.0399,-0.0085,0.047,17.9222,-0.1262,0.699,18.8058,+0.7574,4.197,B3LYP/6-31G*
Nitrosomethane,CN=O,Organique,6,B,20.6887,20.6566,-0.0321,0.155,20.6268,-0.0619,0.299,21.3180,+0.6293,3.042,B3LYP/6-31G*
Formaldoxime,C=NO,Organique,6,B,21.0014,21.0001,-0.0013,0.006,21.1551,+0.1537,0.732,21.7887,+0.7873,3.749,B3LYP/6-31G*
glycolic_acid,C(C(=O)O)O,Organique,9,C,37.689,36.5667,-1.1223,2.978,36.7127,-0.9763,2.590,36.0957,-1.5933,4.227,B3LYP/def2-TZVP
SCl2,ClSCl,Organique,3,A,5.569,4.6775,-0.8915,16.008,5.2517,-0.3173,5.698,5.4107,-0.1583,2.842,PTC
AcOH,CC(O)=O,Organique,8,B,33.54,32.8323,-0.7077,2.110,32.8509,-0.6891,2.055,32.1078,-1.4322,4.270,B3LYP/def2-TZVP
acetic_acid,CC(=O)O,Inorganique,8,B,33.544,32.8324,-0.7116,2.121,32.8510,-0.6930,2.066,32.1078,-1.4362,4.282,B3LYP/def2-TZVP
SiF3H,F[SiH](F)F,Inorganique,5,B,19.658,20.7895,+1.1315,5.756,21.0768,+1.4188,7.217,18.8160,-0.8420,4.283,PTC
1_1_Dichloroethene,C=C(Cl)Cl,Organique,6,B,21.6078,21.1395,-0.4683,2.167,21.2463,-0.3615,1.673,22.5548,+0.9470,4.383,B3LYP/def2-TZVP
Formyl_chloride,C(=O)Cl,Organique,4,A,15.2746,14.9941,-0.2805,1.837,15.0581,-0.2165,1.417,14.6156,-0.6590,4.314,B3LYP/def2-TZVP
SiH3Cl,[SiH3]Cl,Organique,5,B,13.96,13.5036,-0.4564,3.269,13.7651,-0.1949,1.396,14.5954,+0.6354,4.551,B3LYP/def2-TZVP
Oxiranyl,C1[CH]O1,Organique,6,B,22.2306,21.9903,-0.2403,1.081,21.9188,-0.3118,1.403,23.2224,+0.9918,4.461,B3LYP/6-31G*
SOF2,FS(=O)F,Organique,4,A,12.738,11.6295,-1.1085,8.703,12.3975,-0.3405,2.673,13.4503,+0.7123,5.592,B3LYP/def2-TZVP
Vinylidene_2143693,C=[C],Organique,4,A,14.9624,13.6859,-1.2765,8.531,13.7113,-1.2511,8.361,14.2854,-0.6770,4.525,PTC
SiF4,F[Si](F)(F)F,Organique,5,B,24.59,23.3675,-1.2225,4.971,23.6564,-0.9336,3.797,23.4682,-1.1218,4.562,B3LYP/def2-TZVP
Isocyanomethane,C[N+]#[C-],Organique,6,B,24.4351,24.3658,-0.0693,0.283,24.4508,+0.0157,0.064,23.2575,-1.1776,4.819,B3LYP/def2-TZVP
SiOF2,F[Si](=O)F,Inorganique,4,A,18.692,16.5630,-2.1290,11.390,16.9971,-1.6949,9.068,19.5512,+0.8592,4.597,PTC
pyridazine,c1ccnnc1,Inorganique,10,C,45.666,45.1589,-0.5071,1.110,45.0750,-0.5910,1.294,48.4188,+2.7528,6.028,B3LYP/6-31G*
HOCN,OC#N,Organique,4,A,18.817,16.8191,-1.9979,10.618,17.0957,-1.7213,9.147,17.8430,-0.9740,5.176,PTC
CFC113a,FC(F)(F)Cl,Organique,5,B,18.49,18.3095,-0.1805,0.976,17.9615,-0.5285,2.859,17.6467,-0.8433,4.561,B3LYP/6-31G*
HCOOH,OC=O,Organique,5,B,21.29,20.5093,-0.7807,3.667,20.6182,-0.6718,3.156,20.2970,-0.9930,4.664,B3LYP/def2-TZVP
MgBr,[Mg]Br,Inorganique,2,A,2.922,2.5036,-0.4184,14.318,2.5013,-0.4207,14.399,2.7991,-0.1229,4.205,PTC
SiCl2,Cl[Si]Cl,Inorganique,3,A,8.988,8.1994,-0.7886,8.774,8.5621,-0.4259,4.738,9.5372,+0.5492,6.110,B3LYP/def2-TZVP
LiH,[Li][H],Organique,2,A,2.429,2.3752,-0.0538,2.213,2.4116,-0.0174,0.717,2.4366,+0.0076,0.311,PTC
oxalic_acid,C(=O)(C(=O)O)O,Organique,8,B,37.289,36.1646,-1.1244,3.015,36.2525,-1.0365,2.780,35.5041,-1.7849,4.787,B3LYP/def2-TZVP
Isofulminic_acid,C#[N+][O-],Organique,4,A,14.6095,11.3140,-3.2955,22.557,11.3226,-3.2869,22.498,15.0896,+0.4801,3.286,PTC
S2O,S=S=O,Inorganique,3,A,8.908,6.8918,-2.0162,22.634,7.4868,-1.4212,15.954,9.3335,+0.4255,4.776,PTC
Cyanoacetylene,C#CC#N,Organique,5,B,25.3782,24.6508,-0.7274,2.866,24.8413,-0.5369,2.116,26.4958,+1.1176,4.404,B3LYP/def2-TZVP
pyridine_N-oxide,[O-][n+]1ccccc1,Organique,12,C,54.85,53.9157,-0.9343,1.703,53.7892,-1.0608,1.934,50.0926,-4.7574,8.673,B3LYP/6-31G*
AlF3,F[Al](F)F,Organique,4,A,18.29,16.5479,-1.7421,9.525,16.7311,-1.5589,8.523,19.1769,+0.8869,4.849,PTC
HCOF,C(=O)F,Organique,4,A,17.12,16.7507,-0.3693,2.157,16.6679,-0.4521,2.641,16.2908,-0.8292,4.844,B3LYP/6-31G*
PF2Cl,FP(F)Cl,Inorganique,4,A,13.106,12.7323,-0.3737,2.851,13.2663,+0.1603,1.223,13.7702,+0.6642,5.068,B3LYP/def2-TZVP
nitroethane,CC[N+](=O)[O-],Organique,10,C,37.277,36.7664,-0.5106,1.370,36.6602,-0.6168,1.655,38.6889,+1.4119,3.788,B3LYP/6-31G*
Chloroallene,C=C=CCl,Organique,7,B,28.1922,27.9415,-0.2507,0.889,28.0111,-0.1811,0.642,29.5901,+1.3979,4.959,B3LYP/def2-TZVP
1_1_Dibromoethene,C=C(Br)Br,Organique,6,B,20.2447,20.1483,-0.0964,0.476,20.1710,-0.0737,0.364,21.2485,+1.0038,4.958,B3LYP/def2-TZVP
CBrF3,FC(F)(F)Br,Inorganique,5,B,17.775,17.7925,+0.0175,0.099,17.3802,-0.3948,2.221,16.8983,-0.8767,4.932,B3LYP/6-31G*
Ethanimine,CC=N,Organique,8,B,30.241,30.1388,-0.1022,0.338,30.1933,-0.0477,0.158,31.6009,+1.3599,4.497,B3LYP/def2-TZVP
COCl2,ClC(Cl)=O,Organique,4,A,14.793,14.2082,-0.5848,3.953,14.3393,-0.4537,3.067,14.0780,-0.7150,4.833,B3LYP/def2-TZVP
NaH,[Na][H],Organique,2,A,1.97,1.8911,-0.0789,4.003,1.8928,-0.0772,3.921,1.9886,+0.0186,0.944,PTC
cyanamide,NC#N,Organique,5,B,20.287,19.8839,-0.4031,1.987,20.2370,-0.0500,0.247,20.9229,+0.6359,3.135,B3LYP/def2-TZVP
BCl2H,ClB(Cl),Inorganique,4,A,12.931,12.3473,-0.5837,4.514,12.2995,-0.6315,4.884,13.6151,+0.6841,5.290,B3LYP/6-31G*
Si2H6,[SiH3][SiH3],Organique,8,B,22.08,21.4709,-0.6091,2.759,21.6766,-0.4034,1.827,23.2323,+1.1523,5.219,B3LYP/def2-TZVP
SiF3Cl,F[Si](F)(F)Cl,Inorganique,5,B,21.113,21.3116,+0.1986,0.941,21.6467,+0.5337,2.528,20.0091,-1.1039,5.228,B3LYP/6-31G*
1_2_4_Cyclohexatriene,C1C=CC=C=C1,Organique,12,C,53.3265,51.4144,-1.9121,3.586,51.3401,-1.9864,3.725,56.1286,+2.8021,5.255,B3LYP/6-31G*
SiH3F,[SiH3]F,Organique,5,B,15.95,15.3787,-0.5713,3.582,15.6149,-0.3351,2.101,15.1041,-0.8459,5.303,B3LYP/def2-TZVP
KH,[K][H],Organique,2,A,1.76,1.6743,-0.0857,4.872,1.7591,-0.0009,0.049,1.7899,+0.0299,1.701,B3LYP/def2-TZVP
NH2F,NF,Inorganique,4,A,11.35,10.0738,-1.2762,11.244,10.2914,-1.0586,9.327,10.5880,-0.7620,6.714,PTC
NH3,N,Organique,4,A,12.02,11.6770,-0.3430,2.854,12.0069,-0.0131,0.109,11.1027,-0.9173,7.631,B3LYP/def2-TZVP
CO,[C-]#[O+],Organique,2,A,11.092,10.7521,-0.3399,3.065,10.9005,-0.1915,1.726,10.4834,-0.6086,5.487,B3LYP/def2-TZVP
"1,3,5-triazine",C1=NC=NC=N1,Organique,9,C,41.417,41.0883,-0.3287,0.794,41.0715,-0.3455,0.834,38.7657,-2.6513,6.401,B3LYP/6-31G*
p_Benzyne,C1=C=CC=C=C1,Organique,10,C,46.9404,45.6569,-1.2835,2.734,45.7017,-1.2387,2.639,49.6816,+2.7412,5.840,B3LYP/def2-TZVP
POCl3,ClP(Cl)(Cl)=O,Organique,5,B,14.78,13.4348,-1.3452,9.102,14.5655,-0.2145,1.451,15.6762,+0.8962,6.063,B3LYP/def2-TZVP
MgCl,[Mg]Cl,Organique,2,A,3.24,2.9209,-0.3191,9.849,2.9614,-0.2786,8.600,3.3235,+0.0835,2.576,PTC
1_Chloropropyne,CC#CCl,Organique,7,B,28.0875,27.6099,-0.4776,1.700,27.6846,-0.4029,1.434,29.7738,+1.6863,6.004,B3LYP/def2-TZVP
Mg(OH)2,O[Mg]O,Inorganique,5,B,17.029,14.8977,-2.1313,12.516,15.4507,-1.5783,9.268,16.0331,-0.9959,5.848,PTC
2_Cyclopropen_1_one,C1=CC1=O,Organique,6,B,27.4583,27.2213,-0.2370,0.863,27.2561,-0.2022,0.737,25.7973,-1.6610,6.049,B3LYP/def2-TZVP
N2H2,N=N,Organique,4,A,11.12,11.8810,+0.7610,6.844,12.1581,+1.0381,9.335,11.5764,+0.4564,4.104,PTC
Methylene,[CH2],Organique,3,A,7.408,5.6271,-1.7809,24.040,5.9298,-1.4782,19.954,6.9422,-0.4658,6.287,PTC
3_Methylenecyclopropene,C=C1C=C1,Organique,8,B,34.345,33.9920,-0.3530,1.028,34.0502,-0.2948,0.858,36.5156,+2.1706,6.320,B3LYP/def2-TZVP
Disulfene_oxide,O=S=S,Organique,3,A,8.7766,6.8919,-1.8847,21.474,7.4870,-1.2896,14.694,9.3335,+0.5569,6.345,PTC
Li2O,[Li]O[Li],Inorganique,3,A,7.614,6.3998,-1.2142,15.947,6.3822,-1.2318,16.177,8.1219,+0.5079,6.671,PTC
COF2b,C(=O)(F)F,Organique,4,A,18.28,17.5683,-0.7117,3.893,17.2959,-0.9841,5.383,17.0878,-1.1922,6.522,B3LYP/6-31G*
Isocyanic_acid,C(=N)=O,Organique,4,A,18.2494,17.8088,-0.4406,2.414,18.1117,-0.1377,0.755,16.8091,-1.4403,7.892,B3LYP/def2-TZVP
NHF2,FNF,Inorganique,4,A,10.69,9.0475,-1.6425,15.365,9.0651,-1.6249,15.200,9.8923,-0.7977,7.462,PTC
Dioxyamidogen,[NH]O[O],Organique,4,A,9.6294,8.9793,-0.6501,6.752,9.0764,-0.5530,5.743,8.7800,-0.8494,8.821,B3LYP/def2-TZVP
BFCl2,ClB(Cl)F,Inorganique,4,A,14.51,15.1253,+0.6153,4.240,15.0171,+0.5071,3.495,15.5359,+1.0259,7.071,B3LYP/def2-TZVP
POF3,FP(F)(F)=O,Inorganique,5,B,21.328,19.1536,-2.1744,10.195,19.8827,-1.4453,6.776,19.8202,-1.5078,7.069,B3LYP/def2-TZVP
PF5,FP(F)(F)(F)F,Organique,6,B,23.67,19.8191,-3.8509,16.269,20.0434,-3.6266,15.321,21.9539,-1.7161,7.250,PTC
thiophene,c1ccsc1,Organique,9,C,39.56,39.4145,-0.1455,0.368,39.5426,-0.0174,0.044,42.5236,+2.9636,7.492,B3LYP/def2-TZVP
H2O2,OO,Organique,4,A,11.09,10.4463,-0.6437,5.804,10.7246,-0.3654,3.295,11.9127,+0.8227,7.418,B3LYP/def2-TZVP
AlH3,[AlH3],Inorganique,4,A,10.675,8.6362,-2.0388,19.099,8.7051,-1.9699,18.453,9.9266,-0.7484,7.011,PTC
HNCO,N=C=O,Organique,4,A,18.433,17.8088,-0.6242,3.386,18.1116,-0.3214,1.743,16.8091,-1.6239,8.810,B3LYP/def2-TZVP
Ethenedione,C(=C=O)=O,Organique,4,A,19.7128,18.7430,-0.9698,4.920,18.8797,-0.8331,4.226,21.2192,+1.5064,7.642,B3LYP/def2-TZVP
SiBr4,Br[Si](Br)(Br)Br,Inorganique,5,B,13.666,12.6899,-0.9761,7.142,13.0353,-0.6307,4.615,14.9498,+1.2838,9.394,B3LYP/def2-TZVP
