cas,name,formula,n_atoms,hf298_kjmol,d_exp_eV,d_ptc_eV,err_eV,err_pct,dt_sec
22359-97-3,ALBr,AlBr,2,14.325,4.4312,5.7181,1.2869,29.042,0.035
7784-21-6,ALH3,AlH3,4,128.9,8.8624,9.8769,1.0144,11.447,0.043
20768-67-6,ALOH,AlHO,3,-179.9,10.1267,9.282,-0.8447,-8.341,0.017
91571-48-1,HALO,AlHO,3,1.82,8.2433,9.282,1.0387,12.601,0.018
24623-77-6,HALO2,AlHO2,4,-355.5,14.5292,15.5855,1.0563,7.27,0.112
21645-51-2,AL(OH)3,AlH3O3,7,-1012.7,28.442,25.7547,-2.6872,-9.448,0.08
1344-28-1,AL2O3,Al2O3,5,-546.9,20.2563,23.4649,3.2086,15.84,0.461
7440-37-1,AR REF ELEMENT,Ar,1,0.0,0.0,0.0,0.0,,0.0
12595-59-4,Ar2  Dimer,Ar2,2,-6.346,0.0658,5.6018,5.536,8416.994,0.003
19961-29-6,BBr,BBr,2,240.95,4.518,6.5211,2.0031,44.337,0.012
10294-33-4,BBr3,BBr3,4,-205.3,11.4619,13.191,1.729,15.085,0.026
13766-26-2,BH,BH,2,448.727,3.4645,3.4378,-0.0266,-0.769,0.004
13709-83-6,BHF2,BF2H,4,-733.9,17.367,16.099,-1.268,-7.301,0.032
35325-82-7,BH5,BH5,6,77.387,16.3507,11.9588,-4.3919,-26.86,0.041
13842-56-3,BI,BI,2,325.988,3.5845,5.6147,2.0302,56.639,0.012
13517-10-7,BI3,BI3,4,21.4,8.956,11.1527,2.1967,24.528,0.025
13701-67-2,B2CL4,B2Cl4,6,-490.0,21.8189,23.4699,1.651,7.567,0.036
13965-73-6,B2F4,B2F4,6,-1438.0,29.9063,26.9372,-2.9691,-9.928,0.033
56125-74-7,B2H2,B2H2,4,454.475,11.5201,13.4694,1.9493,16.921,0.052
19287-45-7,B2H6,B2H6,8,36.6,24.8886,19.8126,-5.076,-20.395,0.061
1303-86-2,B2O3,B2O3,5,-835.382,28.1175,26.0852,-2.0322,-7.228,0.412
7789-30-2,BrF5,BrF5,6,-428.8,9.7172,1.7561,-7.9612,-81.928,0.009
40423-14-1,BrONO2,BrNO3,5,36.066,13.4323,12.3842,-1.0482,-7.803,0.084
14312-20-0,Br2S,Br2S,3,-12.552,5.3217,4.2951,-1.0266,-19.291,0.009
7789-60-8,PBr3,Br3P,4,-124.26,8.0465,6.7105,-1.336,-16.604,0.025
7440-44-0,C,C,1,716.87,-0.002,0.0,0.002,-100.0,0.0
506-69-3,BRCN,CBrN,3,180.75,11.613,10.5772,-1.0357,-8.919,0.028
65997-98-0,BrNC BrIsocyanogen,CBrN,3,338.53,9.9777,10.5772,0.5996,6.009,0.027
1691-88-9,CFCL,CClF,3,25.876,9.2396,7.0582,-2.1814,-23.609,0.007
353-49-1,COFCL,CClFO,4,-412.547,16.3661,14.9102,-1.4559,-8.896,0.043
506-77-4,CLCN,CClN,3,131.8,12.218,11.202,-1.016,-8.316,0.026
75754-69-7,CLNC biradical,CClN,3,316.59,10.3028,11.202,0.8992,8.727,0.026
1605-72-7,CCl2,CCl2,3,231.697,7.5409,6.5163,-1.0246,-13.587,0.007
76-06-2,CCL3NO2 TriClNO2Me,CCl3NO2,7,-72.019192,22.01,24.3488,2.3388,10.626,0.527
1495-50-7,FCN,CFN,3,35.98,12.7767,12.7826,0.0059,0.046,0.024
16992-26-0,FNC,CFN,3,301.1,10.0289,12.7826,2.7537,27.457,0.024
479587-30-9,FCOF  trans,CF2O,4,-40.2,12.0725,15.7677,3.6952,30.608,0.038
17141-28-5,CHBR,CHBr,3,377.86,6.9305,5.9024,-1.028,-14.834,0.011
5405-80-9,CBR3OH,CHBr3O,6,-121.04312,17.0027,17.1471,0.1444,0.849,0.054
2108-20-5,CHCL,CHCl,3,308.28,7.7494,6.344,-1.4054,-18.135,0.01
35911-92-3,CCl3OH  Bozzelli,CHCl3O,6,-275.97664,18.9017,19.1095,0.2078,1.1,0.054
1493-11-4,CF3OH,CHF3O,6,-911.2752,24.1827,23.674,-0.5087,-2.104,0.051
75-47-8,CHI3  IODOFORM,CHI3,5,208.5,10.8483,11.5834,0.7351,6.776,0.049
517-25-9,CH(NO2)3,CHN3O6,11,-13.388800000000002,40.0184,42.8117,2.7933,6.98,2.208
6829-52-3,CHP Methinophospid,CHP,3,216.363,10.7251,9.6451,-1.08,-10.069,0.02
557-68-6,CH2BrI,CH2BrI,5,56.8,13.6247,13.6327,0.008,0.059,0.057
151-51-9,CH2N2 Carbodiimi,CH2N2,5,146.477656,20.2265,20.9229,0.6965,3.443,0.204
334-88-3,CH2N2 H2C=N=N,CH2N2,5,286.382248,18.7765,20.9229,2.1465,11.432,0.207
157-23-3,CH2N2 cy(-CH=N-NH),CH2N2,5,394.80224000000004,17.6528,20.9229,3.2702,18.525,0.199
90251-09-5,CH2N2O  H2C=N-N=O,CH2N2O,6,229.588632,21.9477,24.1543,2.2066,10.054,0.286
647700-85-2,CH2N2O2  H2C=N-N,CH2N2O2,7,129.273048,25.5699,26.3289,0.759,2.968,0.246
625-76-3,CH2(NO2)2,CH2N2O4,9,-52.421336000000004,32.6182,35.2871,2.6689,8.182,1.33
288-94-8,CH2N4 Cy Tetrazol,CH2N4,7,320.0,28.226,24.8703,-3.3557,-11.889,0.241
19710-56-6,CHOH trans  Hydr,CH2O,4,108.16,13.4082,15.786,2.3778,17.734,0.053
16890-80-5,CH2OS   O=CH-SH,CH2OS,5,-123.536784,18.6822,19.3418,0.6596,3.53,0.288
157799-74-1,CH2SO   S=CH_OH,CH2OS,5,95.976776,16.4071,19.3418,2.9347,17.886,0.283
56077-92-0,CH2OO Dioxy Me,CH2O2,5,106.3,16.0101,20.297,4.287,26.777,0.15
157-26-6,CH2O2 cycCH2(OO),CH2O2,5,1.61,17.0951,20.297,3.2019,18.73,0.148
865-36-1,CH2=S,CH2S,4,117.9888,13.5964,14.864,1.2676,9.323,0.052
4472-10-0,CH2S2   S=CH-SH,CH2S2,5,27.203,17.41,18.512,1.102,6.33,0.197
59164-06-6,HSiCH,CH2Si,4,452.42428800000005,11.9215,13.6438,1.7223,14.447,0.078
2053-29-4,CH2NH MethaneImi,CH3N,5,85.1444,18.2226,17.7902,-0.4323,-2.372,0.076
136597-55-2,CH3NO   HO-CH=NH,CH3NO,6,-121.536832,22.9472,23.1372,0.1899,0.828,0.341
463-62-7,CH3NO  CH2=NH=O,CH3NO,6,66.421,20.9992,23.1372,2.138,10.181,0.344
598-58-3,CH3ONO2,CH3NO3,8,-122.00544000000001,28.1172,31.4449,3.3277,11.835,0.273
624-90-8,CH3N3 MethylAzyd,CH3N3,7,297.29,25.8218,26.8997,1.0779,4.174,0.251
25346-05-8,CH3N3O4 CH3N(NO2)2,CH3N3O4,11,53.5,38.6788,42.0985,3.4197,8.841,2.35
61183-53-7,CH2PH  Methylene,CH3P,5,117.2,16.2716,18.202,1.9303,11.863,0.085
77269-36-4,CH4N2  NH=CH-NH2,CH4N2,7,49.760312000000006,25.7477,25.0797,-0.6679,-2.594,0.208
41977-52-0,CH4N2 cyc(-CH2-N,CH4N2,7,243.17408,23.7431,25.0797,1.3367,5.63,0.211
556-88-7,CH4N4O2 nitrogua,CH4N4O2,11,44.77,40.7625,44.6375,3.875,9.506,2.532
22322-29-8,CH4OS  HOCH2SH,CH4OS,7,-177.815816,23.7636,24.0616,0.298,1.254,0.237
3031-73-0,CH4O2,CH4O2,7,-139.7456,23.0789,25.2802,2.2013,9.538,0.146
110596-50-1,CH4O2  HOCH2OH,CH4O2,7,-392.61,25.6997,25.2802,-0.4194,-1.632,0.145
6725-64-0,CH4S2 Me-DiThyol,CH4S2,7,23.179360000000003,21.9705,23.5858,1.6153,7.352,0.155
51067-84-6,H2Si=CH2,CH4Si,6,170.2888,19.3644,20.6976,1.3332,6.885,0.106
74-89-5,CH5N  CH3NH2,CH5N,7,-23.012,23.8623,22.8866,-0.9757,-4.089,0.071
113-00-8,CH5N3 guanidin,CH5N3,9,15.0,33.2663,32.7773,-0.489,-1.47,0.35
20502-79-8,CH5OP  CH3OPH2,CH5OP,8,-168.44783999999999,26.3335,26.6196,0.2861,1.087,0.339
5518-61-6,CH6P2  H2P-CH2-P2,CH6P2,9,39.108,27.1395,29.6404,2.501,9.215,0.321
111935-69-4,CH3SiH2OH,CH6OSi,9,-837.1,36.9066,29.2052,-7.7014,-20.867,0.43
88867-26-9,CH3SiH2SiH,CH6Si2,9,-35.3,30.6779,31.606,0.9281,3.025,0.387
4371-79-3,CI2,CI2,3,468.39,4.788,5.8439,1.0559,22.054,0.008
506-78-5,ICN,CIN,3,222.1,11.1323,10.4902,-0.6421,-5.768,0.03
2468-81-7,CNN,CN2,3,573.47,11.2822,14.067,2.7847,24.682,0.034
2669-76-3,NCN  MethaneTetr,CN2,3,445.73,12.6062,14.067,1.4608,11.588,0.031
253308-70-2,C(NN)  Cyclo,CN2,3,580.58,11.2085,14.067,2.8584,25.502,0.033
764-05-6,CN4  NC-N=N-N,CN4,5,498.25,21.8598,20.4411,-1.4187,-6.49,0.152
509-14-8,C(NO2)4 TetraNit,CN4O8,13,82.38296000000001,46.8305,46.6011,-0.2294,-0.49,3.164
138832-57-2,CO2 cy C(OO),CO2,3,189.78,10.6261,16.5907,5.9647,56.132,0.029
2944-05-0,CS,CS,2,280.3,7.3954,7.4301,0.0346,0.468,0.011
75-15-0,CS2,CS2,3,116.9,11.9616,15.87,3.9084,32.675,0.049
624-61-3,C2Br2,C2Br2,4,322.05,13.8368,14.51,0.6732,4.865,0.108
124-73-2,C2Br2F4  DiBromo,C2Br2F4,8,-823.0764800000001,28.9961,29.9816,0.9855,3.399,0.061
79-28-7,C2BR4,C2Br4,6,190.07912000000002,17.5235,17.7416,0.2181,1.245,0.091
594-73-0,C2BR6,C2Br6,8,165.47719999999998,20.0974,21.9266,1.8293,9.102,0.033
7572-29-4,C2CL2,C2Cl2,4,209.6,15.1978,15.7643,0.5665,3.727,0.104
598-88-9,"C2Cl2F2 1,2-trans",C2Cl2F2,6,-334.9,22.4865,22.2733,-0.2132,-0.948,0.167
311-81-9,"C2Cl2F2 1,2-cis",C2Cl2F2,6,-334.9,22.4865,22.2733,-0.2132,-0.948,0.167
76-14-2,C2CL2F4  FC-114,C2Cl2F4,8,-931.777,30.3182,31.2595,0.9413,3.105,0.06
374-07-2,C2CL2F4  DiChlor,C2Cl2F4,8,-943.709568,30.4418,31.2595,0.8177,2.686,0.061
76-13-1,C2Cl3F3 CCL2F-CF,C2Cl3F3,8,-726.8,28.6282,29.8862,1.258,4.394,0.061
354-58-5,C2Cl3F3 CCL3-CF3,C2Cl3F3,8,-759.145,28.9634,29.8862,0.9227,3.186,0.061
354-56-3,C2CL5F  G3B3 cal,C2Cl5F,8,-83.287,22.8276,27.1216,4.294,18.81,0.033
67-72-1,C2Cl6,C2Cl6,8,-148.2,23.9349,25.7317,1.7968,7.507,0.032
689-99-6,C2F2,C2F2,4,2.86,16.4715,18.6791,2.2076,13.403,0.097
353-85-5,CF3CN,C2F3N,6,-496.68,27.3706,28.0035,0.6329,2.312,0.409
9002-84-0,(C2F4)n gas Teflon,C2F4,6,-829.49,26.7437,23.7833,-2.9604,-11.069,0.076
593-61-3,C2HBr,C2HBr,4,275.88,15.4153,16.6416,1.2263,7.955,0.063
598-16-3,C2HBR3,C2HBr3,6,144.18064,19.0991,18.715,-0.3842,-2.011,0.154
75-95-6,C2HBR5,C2HBr5,8,113.09352000000001,21.7402,23.3892,1.6489,7.585,0.046
593-63-5,C2HCL,C2HCl,4,213.8,16.1564,17.419,1.2625,7.814,0.061
359-10-4,"C2HCLF2 1,1",C2HClF2,6,-334.0,23.4794,22.7138,-0.7656,-3.261,0.259
30860-28-7,C2HClF2  cis,C2HClF2,6,-323.569,23.3713,22.7138,-0.6575,-2.813,0.266
2837-86-7,C2HClF2 trans,C2HClF2,6,-323.103,23.3665,22.7138,-0.6526,-2.793,0.267
354-25-6,CF2H-CCLF2 FC-124A,C2HClF4,8,-908.396608,31.078,31.9683,0.8902,2.865,0.047
2837-89-0,CF3-CHCLF FC-124,C2HClF4,8,-930.714064,31.3094,31.9683,0.6589,2.105,0.047
430-58-0,C2HCL2F,C2HCl2F,6,-168.648,22.2001,21.7448,-0.4553,-2.051,0.272
306-83-2,CF3-CCL2H  FC-123,C2HCl2F3,8,-181.035,23.974,30.7105,6.7365,28.099,0.134
354-23-4,CF2Cl-CHCLF  123A,C2HCl2F3,8,-719.413696,29.5539,30.7105,1.1566,3.914,0.133
812-04-4,C2HCl2F3  CFCL2C,C2HCl2F3,8,-709.98296,29.4561,30.7105,1.2544,4.258,0.132
79-01-6,C2HCL3  TriChlor,C2HCl3,6,-19.1,21.0847,20.6957,-0.3889,-1.845,0.18
2713-09-9,C2HF,C2HF,4,125.5,16.6371,19.0906,2.4535,14.747,0.063
359-11-5,C2HF3  CHF=CF2,C2HF3,6,-485.6,24.6162,23.468,-1.1481,-4.664,0.163
4471-47-0,NCCHO,C2HNO,5,44.12028,24.1394,24.9255,0.7861,3.257,0.975
32038-80-5,HCCNO2,C2HNO2,6,278.6544,24.2912,29.418,5.1268,21.106,3.169
504-66-5,C2HN3  (CN)2NH,C2HN3,6,354.129576,28.1418,29.3761,1.2343,4.386,1.991
53566-50-0,C2HN7O2  5-Azido,C2HN7O2,12,508.7744,51.3001,57.3097,6.0096,11.715,6.359
2143-69-3,C2H2 Vinylidene,C2H2,4,413.36,15.0903,17.1733,2.0829,13.803,0.07
590-12-5,DIBROMOETHYLENE,C2H2Br2,6,99.28632,20.6644,21.2018,0.5374,2.601,0.183
79-27-6,CHBr2CHBr2,C2H2Br4,8,32.719,23.6732,24.8686,1.1954,5.049,0.069
2317-91-1,"C2H2ClF 1,1-FCl",C2H2ClF,6,-165.393,23.1686,23.3723,0.2037,0.879,0.186
156-60-5,"1,2-C2H2CL2 trans",C2H2Cl2,6,-1.0,21.8993,22.5092,0.61,2.785,0.184
156-60-2,CHCLCHCL cis,C2H2Cl2,6,-3.0,21.92,22.5092,0.5893,2.688,0.182
1630-77-9,"1,2-C2H2F2-cis",C2H2F2,6,-306.4,24.1956,24.1247,-0.0708,-0.293,0.177
1630-78-0,"1,2-C2H2F2-trans",C2H2F2,6,-303.6,24.1665,24.1247,-0.0418,-0.173,0.177
359-35-3,C2H2F4 HFC-134,C2H2F4,8,-883.0,31.817,32.6931,0.8761,2.754,0.064
590-26-1,C2H2I2 DiIodoeth,C2H2I2,6,207.43,19.4393,20.4745,1.0352,5.325,0.194
25236-08-2,C2H2(NO2)2  DI-N,C2H2N2O4,10,40.952992,39.0783,43.5152,4.4369,11.354,2.113
463-51-4,"CH2CO,ketene",C2H2O,5,-49.576,22.4709,22.7349,0.264,1.175,0.172
32038-79-2,HCC-OH  Ethynol,C2H2O,5,93.3032,20.9901,22.7349,1.7449,8.313,0.175
157-18-6,C2H2O  Oxirene,C2H2O,5,273.93,19.118,22.7349,3.6169,18.919,0.176
74936-20-2,C2H2O2 Ketene-ol,C2H2O2,6,-155.159456,26.1478,28.1482,2.0004,7.651,0.632
16005-17-7,C2H2O2 HOCCOH,C2H2O2,6,-27.953304000000003,24.8294,28.1482,3.3188,13.367,0.626
42879-41-4,C2H2O2 Oxyranone,C2H2O2,6,-177.916,26.3836,28.1482,1.7646,6.688,0.63
53750-02-0,C2H2S  EthyneThio,C2H2S,5,257.763688,19.5756,20.6272,1.0515,5.372,0.265
18555-26-5,C2H2S3  S(-CH=S)2,C2H2S3,7,234.550856,25.5616,33.1411,7.5795,29.652,1.43
79-08-3,C2H3BrO2,C2H3BrO2,8,-383.5,31.9332,32.7452,0.812,2.543,0.563
2311-14-0,CH3CBr3 111Tribr,C2H3Br3,8,-4.3,25.1568,25.977,0.8202,3.26,0.149
75-80-9,CBr3CH2OH,C2H3Br3O,9,-150.959,29.2594,30.606,1.3466,4.602,0.376
79-11-8,C2H3CLO2,C2H3ClO2,8,-427.6,32.488,33.4279,0.9399,2.893,0.551
157-17-5,C2H3N 1-H aziridin,C2H3N,6,377.677128,22.6185,25.2006,2.5821,11.416,0.301
157-16-4,C2H3N 2Haziridine,C2H3N,6,65.465,25.8544,25.2006,-0.6538,-2.529,0.317
107-16-4,NCCH2OH,C2H3NO,7,-45.526104000000004,29.5873,30.7039,1.1166,3.774,0.96
180330-47-6,NC-CH2-O-OH,C2H3NO2,8,29.47628,31.3925,33.9846,2.5921,8.257,2.756
3638-64-0,CH2CH-NO2 Nitroe,C2H3NO2,8,29.51812,31.3921,33.9846,2.5925,8.258,2.713
591-09-3,CH3C(O)O-NO2,C2H3NO4,10,-303.65380000000005,40.0103,41.4603,1.45,3.624,1.565
2278-22-0,CH3C(O)O-ONO2,C2H3NO5,11,-254.642424,42.0849,43.5197,1.4348,3.409,1.76
54524-31-1,C2H3NS  HS-CH2-CN,C2H3NS,7,130.461304,28.0534,29.4361,1.3827,4.929,1.529
557-91-5,"C2H4BR2 1,1-Dibr",C2H4Br2,8,-41.0,26.6371,27.0975,0.4604,1.728,0.179
1615-75-4,"C2H4ClF 1,1-Chlo",C2H4ClF,8,-310.699656,29.1934,29.7,0.5066,1.735,0.174
90584-32-0,C2H4O2CL2,C2H4Cl2O2,10,-231.3752,33.9709,37.433,3.4621,10.191,0.898
624-73-7,(CH2I)2 DiIodoet,C2H4I2,8,73.123,25.3501,25.5537,0.2037,0.803,0.187
7570-26-5,"1,2-C2H4(NO2)2",C2H4N2O4,12,-96.6504,45.0232,48.8891,3.8659,8.586,2.85
14523-98-9,(HCOOH)2,C2H4O4,10,-820.94,42.732,40.002,-2.73,-6.389,1.461
917-59-9,C2H4S  CH2=CHSH,C2H4S,7,80.47505600000001,25.9319,27.3198,1.3879,5.352,0.236
420-12-2,C2H4S  cyclo,C2H4S,7,82.1,25.915,27.3198,1.4047,5.42,0.24
157458-71-4,CH3SCH=S,C2H4S2,8,78.165488,28.8285,33.2489,4.4204,15.333,0.977
145429-06-7,C2H4S2  HSCJ2CH=S,C2H4S2,8,108.74634400000001,28.5115,33.2489,4.7373,16.616,0.943
95241-02-4,C2H4S4 (HS)2C=C(,C2H4S4,10,159.372744,33.7322,41.9136,8.1814,24.254,2.523
291-22-5,C2H4S4 HexaCy-1245,C2H4S4,10,105.06024000000001,34.2951,41.9136,7.6185,22.215,2.486
78442-50-9,C2H4Si  CH2CHSiH,C2H4Si,7,309.28128000000004,25.3517,27.2372,1.8855,7.437,0.269
81475-21-0,C2H5O2CL,C2H5ClO2,10,-212.9656,34.7822,37.6583,2.876,8.269,0.734
56-70-6,Glycine  NH2-CH2,C2H5NO2,10,-394.13280000000003,40.3017,39.7402,-0.5615,-1.393,3.806
598-55-0,CH3-O-C(O)-NH2 H,C2H5NO2,10,-439.8,40.775,39.7402,-1.0348,-2.538,3.812
625-58-1,C2H5NO3 EtNitrate,C2H5NO3,11,-154.97536,40.4056,42.7646,2.359,5.838,7.557
871-31-8,C2H5N3 EthylAzyd,C2H5N3,10,63.784,40.1886,40.2521,0.0635,0.158,2.354
41719-24-8,C2H5N3O5  NENA,C2H5N3O5,15,-64.09,54.4267,57.6567,3.23,5.935,5.532
4143-41-3,C2H6N2 Azomethan,C2H6N2,10,193.86564,36.2008,38.4326,2.2318,6.165,1.27
62-75-9,C2H6N2O N-Nitroz,C2H6N2O,11,58.622,40.185,43.3599,3.1749,7.901,5.132
4164-28-7,(CH3)2N-NO2,C2H6N2O2,12,-4.8,43.4249,47.7142,4.2893,9.877,16.838
129976-27-8,C2H6OS CH3CHOHSH,C2H6OS,10,-218.11192000000003,36.1279,36.4494,0.3215,0.89,1.415
3031-74-1,C2H6O2 Peroxyeth,C2H6O2,10,-162.079792,35.257,37.9477,2.6906,7.631,0.775
690-02-8,C2H6O2 Di Methyl,C2H6O2,10,-125.5,34.8779,37.9477,3.0698,8.801,0.747
69382-62-3,C2H6S2 CH3CH(SH)2,C2H6S2,10,-8.840792,34.249,37.2835,3.0345,8.86,1.092
7291-09-0,CH2=CHSiH3  Ethy,C2H6Si,9,86.6088,32.1784,33.6945,1.5161,4.712,0.342
38063-40-0,CH2=SiHCH3  Meth,C2H6Si,9,125.81706400000002,31.772,33.6945,1.9225,6.051,0.345
544-97-8,CH3-Zn-CH3  DiMe,C2H6Zn,9,55.4,29.1894,26.703,-2.4864,-8.518,0.295
868-85-9,C2H7PO3  (CH3O)2,C2H7O3P,13,-854.66,50.5574,47.9286,-2.6288,-5.2,10.197
593-68-0,C2H7P  C2H5PH2,C2H7P,10,-36.5,34.33,34.1855,-0.1446,-0.421,0.371
540-73-8,CH3-NH-NH-CH3 Sy,C2H8N2,12,106.173184,41.6284,42.7911,1.1627,2.793,1.567
57-14-7,(CH3)2-N-NH2 UDMH,C2H8N2,12,93.48729600000001,41.7599,42.7911,1.0312,2.469,1.538
1111-74-6,CH3SiH2CH3 DiMet,C2H8Si,11,-88.190352,38.5088,36.5677,-1.9411,-5.041,0.449
2814-79-1,C2H5SiH3,C2H8Si,11,-36.116288,37.9691,36.5677,-1.4014,-3.691,0.449
2460-19-5,C2N2 Dicyanogen,C2N2,4,309.1,21.4501,20.8269,-0.6232,-2.905,0.555
83951-85-3,C2N2 Isocyanogen,C2N2,4,413.04,20.3728,20.8269,0.454,2.229,0.553
88466-66-4,C2(NO2)2,C2N2O4,8,349.05,31.3663,37.0259,5.6595,18.043,1.585
13223-78-4,C2(NO2)4 NO HF,C2N4O8,14,86.10672,54.2198,54.6255,0.4058,0.748,5.229
148781-71-9,C2N6O3  FTDO explo,C2N6O3,11,661.072,45.1458,51.1772,6.0314,13.36,5.59
918-37-6,C2(NO2)6 HexaNit,C2N6O12,20,179.0,73.3852,68.0272,-5.358,-7.301,10.842
12071-23-7,C2O    CCO,C2O,3,286.6,14.4679,17.0054,2.5375,17.539,0.03
83917-77-5,C2S2,C2S2,4,376.66,16.6973,18.3494,1.6521,9.895,0.668
18669-56-2,C3Br4 PerbromoAl,C3Br4,7,316.39408000000003,23.6422,24.4311,0.7889,3.337,0.085
153723-30-9,C3Cl2 Cyclo -CLC,C3Cl2,5,441.194432,20.2253,21.9506,1.7253,8.53,0.243
18608-30-5,C3Cl4 PerchloroA,C3Cl4,7,135.10136,25.9122,27.0224,1.1102,4.285,0.08
461-68-7,C3F4  PerfluoroA,C3F4,7,-553.71,31.3133,32.9686,1.6553,5.286,0.08
422-04-8,C3F5N  C2F5CN,C3F5N,9,-929.49,40.9296,40.0257,-0.904,-2.209,0.471
116-15-4,C3F6  CF2=CF-CF3,C3F6,9,-1125.0775999999998,38.8805,40.7725,1.892,4.866,0.132
17746-36-0,C3HBr3  TriBromo,C3HBr3,7,284.13544,25.0765,27.3537,2.2772,9.081,0.223
20170-70-1,C3HCL3  TriChlor,C3HCl3,7,148.86672,26.7717,29.6056,2.8339,10.586,0.208
431-89-0,C3F7H  FC227EA,C3HF7,11,-1564.816,46.5202,47.8539,1.3337,2.867,0.062
16165-40-5,C3H2  CycloPropp,C3H2,5,508.89992,21.528,21.7501,0.2221,1.032,0.105
2008-19-7,C3H2 HCC-CH   (1),C3H2,5,817.972,18.3247,21.7501,3.4254,18.693,0.106
904813-26-9,"C3H2BR2  1,3 Dib",C3H2Br2,7,250.11952000000002,26.529,28.3157,1.7868,6.735,0.288
83682-32-0,"C3H2CL2  1,2 Dic",C3H2Cl2,7,161.43964,27.6436,29.8413,2.1977,7.95,0.305
29118-24-9,C3H2F4 CHF=CH-CF3,C3H2F4,9,-195.504,32.1195,39.747,7.6275,23.747,0.111
431-63-0,C3H2F6 CF3CHFCHF2,C3H2F6,11,-1322.6,45.4465,47.056,1.6095,3.542,0.091
5213-49-0,C3H2N4O4 Imidazole,C3H2N4O4,13,28.9,56.4291,58.9714,2.5424,4.505,7.512
624-65-7,C3H3Cl CH2CL-CCH,C3H3Cl,7,181.04168,28.4426,29.7738,1.3312,4.68,0.218
17336-56-0,C3H3Cl 3CLCyPropen,C3H3Cl,7,240.215992,27.8293,29.7738,1.9445,6.987,0.218
677-21-4,C3H3F3 CF3-CH=CH2,C3H3F3,9,-631.13,38.0711,39.8833,1.8122,4.76,0.326
287-24-1,C3H3N cy azete,C3H3N,7,460.86550800000003,29.1842,32.2445,3.0603,10.486,0.64
288-16-4,NSC3H3 IsoThiazole,C3H3NS,8,159.73256800000001,35.1779,36.9063,1.7284,4.913,3.786
290-87-9,C3H3N3 TRIAZINE,C3H3N3,9,224.6,41.4309,40.6407,-0.7902,-1.907,2.584
97645-24-4,C3H4N4O6 TRI-NITR,C3H4N4O6,17,128.4488,65.0812,68.4867,3.4055,5.233,10.972
6004-44-0,C3H4O CH3-C=C=O,C3H4O,8,-66.241,34.5903,35.0035,0.4132,1.195,0.435
10152-75-7,C3H4S  1-propyne,C3H4S,8,238.65954399999998,31.7203,34.1473,2.427,7.651,0.839
107092-42-2,C3H4S2 S=CH-S-CH,C3H4S2,9,196.50574400000002,35.0298,40.8696,5.8397,16.671,2.074
16136-85-9,C3H5Cl  Burcat,C3H5Cl,9,-8.1,34.9217,35.9277,1.006,2.881,0.295
3156-70-5,NITROPROPYLENE C,C3H5NO2,11,9.987208,43.5412,47.8147,4.2736,9.815,9.11
13021-02-8,C3H5NO2 NitroCy,C3H5NO2,11,17.5728,43.4625,47.8147,4.3522,10.014,9.335
6659-62-7,C3H5NO4  Glycidyl,C3H5NO4,13,-157.071544,50.4377,53.1231,2.6854,5.324,3.297
55-63-0,NITROGLICERINE,C3H5N3O9,20,-279.07280000000003,74.413,73.1823,-1.2307,-1.654,10.622
89167-79-3,N-NITRO-AZETIDIN,C3H6N2O2,13,114.13952,49.6201,54.8286,5.2086,10.497,3.384
6125-21-9,"C3H6N2O4  1,3-DNP",C3H6N2O4,15,-79.49600000000001,56.7921,60.773,3.9809,7.01,5.637
601-76-3,"C3H6(NO2)2 1,1 d",C3H6N2O4,15,-104.60000000000001,57.0523,60.773,3.7207,6.522,5.593
595-49-3,C3H6N2O4  DiMeth,C3H6N2O4,15,-19.0,56.1651,60.773,4.6079,8.204,5.632
121-82-4,RDX 135 Triazine,C3H6N6O6,21,192.00376,78.7393,83.1948,4.4555,5.659,19.128
3965-44-4,C3H6O Propen-1-ol,C3H6O,10,-145.96302400000002,39.9353,40.7914,0.8561,2.144,0.549
29456-84-8,C3H6O Propen-2-ol,C3H6O,10,-163.17600000000002,40.1137,40.7914,0.6777,1.689,0.551
16545-68-9,C3H6O  CyC3H5-OH,C3H6O,10,-101.5,39.4745,40.7914,1.3169,3.336,0.565
59123-15-8,C3H6O  C2H3-O-CH3,C3H6O,10,-100.378,39.4628,40.7914,1.3285,3.367,0.562
556-52-5,C3H6O2  Glycidol,C3H6O2,11,-233.8856,43.4291,45.0916,1.6625,3.828,1.616
116-09-6,C3H6O2  Hydroace,C3H6O2,11,-358.079272,44.7163,45.0916,0.3753,0.839,1.576
870-23-5,C3H6S  HSCH2CH=CH2,C3H6S,10,14.965,38.5575,39.7657,1.2082,3.134,0.958
1822-74-8,C3H6S CH3-S-CH=CH2,C3H6S,10,64.492176,38.0442,39.7657,1.7215,4.525,0.958
287-27-4,C3H6S  THIETHANE,C3H6S,10,65.220192,38.0366,39.7657,1.7291,4.546,0.925
505-23-7,"1,3-C3H6S2 cy di",C3H6S2,11,10.0,41.4816,44.4399,2.9583,7.132,2.433
765-30-0,C3H5NH2 Cyclopro,C3H7N,11,79.4,42.1754,43.168,0.9927,2.354,1.077
108-03-2,C3H7NO2 Nitropro,C3H7NO2,13,-128.45716800000002,49.4948,52.2939,2.7991,5.655,11.984
627-13-4,C3H7NO3 PropylNi,C3H7NO3,14,-187.8616,52.6931,55.6843,2.9913,5.677,3.253
1712-64-7,C3H7NO3 IPN,C3H7NO3,14,-190.7904,52.7234,55.6843,2.9609,5.616,3.242
56-45-1,C3H7NO3 amino acid,C3H7NO3,14,-579.107,56.748,55.6843,-1.0637,-1.874,3.237
17096-47-8,C3H7N3O5  MeNENA,C3H7N3O5,18,-106.5,66.8129,70.6548,3.8419,5.75,9.688
6068-96-8,C3H8O2 PeroxyPro,C3H8O2,13,-188.74024,47.48,50.3418,2.8618,6.027,2.064
3031-75-2,C3H8O2 isoprpylpox,C3H8O2,13,-197.1,47.5666,50.3418,2.7751,5.834,2.024
512-56-1,C3H9PO4 (CH3O)3PO,C3H9O4P,17,-251.099,58.8311,61.9268,3.0957,5.262,5.037
40200-59-7,C3H9P  C3H7PH2,C3H9P,13,-54.087,46.459,46.65,0.191,0.411,1.334
1115-12-4,C3N2O  NC-CO-CN,C3N2O,6,247.5,32.099,32.6694,0.5704,1.777,7.255
1116-01-4,C3N3P P(CN)3  HF,C3N3P,7,473.720848,35.3511,37.3192,1.9681,5.567,2.554
51104-87-1,C4CL2,C4Cl2,6,453.592,27.5247,27.4979,-0.0268,-0.097,0.4
87-68-3,C4Cl6,C4Cl6,10,-96.6504,38.2563,39.58,1.3237,3.46,0.13
64788-23-4,C4F2,C4F2,6,215.31,29.1254,32.7503,3.6249,12.446,0.363
685-63-2,"C4F6  1,3-Butadien",C4F6,10,-1004.1600000000001,45.0551,48.3277,3.2726,7.263,0.125
697-11-0,C4F6  CyButene,C4F6,10,-1210.8496,47.1973,48.3277,1.1304,2.395,0.123
355-25-9,C4F10,C4F10,14,-2137.3964,60.0912,63.0298,2.9387,4.89,0.058
460-12-8,"C4H2 1,3-Butadiyn",C4H2,6,459.65424,29.4663,26.1623,-3.3039,-11.213,0.456
764-42-1,C4H2N2  Fumaroni,C4H2N2,8,331.0,40.5976,39.6072,-0.9905,-2.44,2.282
51678-67-2,C4H2S  HCC-S-CCH,C4H2S,7,532.97884,31.579,29.4597,-2.1193,-6.711,0.792
687-97-4,C4H4  1-butene-3,C4H4,8,287.8592,35.7656,34.487,-1.2786,-3.575,0.362
1120-53-2,C4H4  Cyclobutad,C4H4,8,431.722,34.2745,34.487,0.2124,0.62,0.359
1025692-60-7,C4H4N2O2  N Nitr,C4H4N2O2,12,171.59,51.9337,56.6079,4.6742,9.0,4.105
50888-73-8,C4H4O Vin-KETENE,C4H4O,9,7.61488,41.2527,41.7604,0.5077,1.231,0.895
290-67-5,"C4H4O2  1,4-Diox",C4H4O2,10,-86.0,44.8055,48.5609,3.7554,8.382,2.422
110-17-8,C4H4O4 HOC(O)CH=,C4H4O4,12,-696.46864,56.2977,54.921,-1.3767,-2.445,1.653
406-58-6,"C4H5F5 1,1,1,3,3",C4H5F5,14,-1242.7,58.0017,59.3698,1.3681,2.359,0.256
5500-21-0,C4H5N Cy-C3H5-CN,C4H5N,10,184.096,43.9994,48.2523,4.2529,9.666,1.592
590-12-2,"C4H6  1,2-butadi",C4H6,10,161.31412,41.5959,41.8852,0.2893,0.696,0.476
13676-58-9,"C4H6Cl2 1,4-DiCl",C4H6Cl2,12,-58.1576,46.385,48.1772,1.7922,3.864,0.81
760-23-6,"C4H6Cl2 3,4-Dich",C4H6Cl2,12,-69.036,46.4977,48.1772,1.6795,3.612,0.801
643-97-0,C4H6N4O12 ETN,C4H6N4O12,26,-452.2904,98.5422,93.4358,-5.1064,-5.182,26.463
473796-67-7,C4H6N8O8  BCHMX,C4H6N8O8,26,231.83544,100.7174,100.1003,-0.6172,-0.613,43.125
20334-52-5,C4H6O H3CCH2CH=C,C4H6O,11,-88.30332,46.7656,49.9088,3.1433,6.721,1.337
598-26-5,C4H6O  (CH3)2C=C,C4H6O,11,-90.981,46.7933,49.9088,3.1155,6.658,1.309
1708-29-8,"C4H6O 2,5-DHFuran",C4H6O,11,-108.78,46.9778,49.9088,2.931,6.239,1.349
123-73-9,C4H6O Crotonaldeh,C4H6O,11,-105.261,46.9413,49.9088,2.9675,6.322,1.308
107-93-7,C4H6O2   E-croto,C4H6O2,12,-351.4,52.0749,55.0883,3.0134,5.787,3.293
110-22-5,CH3CO-OO-CO-CH3,C4H6O4,14,-500.0,58.7802,60.1852,1.405,2.39,2.164
627-51-0,C4H6S C2H3-S-C2H3,C4H6S,11,166.665456,44.4131,48.9367,4.5236,10.185,1.882
1708-32-3,"C4H6S 2,5-dihydro",C4H6S,11,86.9,45.2398,48.9367,3.6969,8.172,1.902
6659-60-5,"C4H7N3O9  1,2,4",C4H7N3O9,23,-361.7,87.216,88.7269,1.5109,1.732,18.478
624-64-6,"C4H8,tr2-butene",C4H8,12,-11.185,47.9025,47.9679,0.0654,0.136,0.592
590-18-1,"C4H8,cis2-buten",C4H8,12,-7.34,47.8627,47.9679,0.1052,0.22,0.571
505-60-2,MUSTARD S(CH2CH2,C4H8Cl2S,15,-124.76688,54.4668,57.5173,3.0505,5.601,3.766
2691-41-0,C4H8N8O8 HMX,C4H8N8O8,28,258.1528,104.9634,106.1609,1.1975,1.141,47.258
2919-35-5,C4H8O  CyButanol,C4H8O,13,-145.000704,51.872,57.3304,5.4584,10.523,1.603
513-42-8,C4H8O  Methyl Al,C4H8O,13,-161.14257600000002,52.0393,57.3304,5.2911,10.168,1.606
21490-63-1,C4H8O  Di-Methyl,C4H8O,13,-137.6536,51.7958,57.3304,5.5346,10.685,1.606
76638-93-2,C4H7OOH  Peroxyb,C4H8O2,14,-18.221,53.1406,62.1543,9.0137,16.962,4.23
6993-75-5,(CH3COOH)2,C4H8O4,16,-929.01536,67.7454,64.7785,-2.9669,-4.38,2.798
293-30-1,C4H8O4 Tetraoxocan,C4H8O4,16,-620.2,64.5448,64.7785,0.2337,0.362,2.79
505-29-3,"C4H8S2 1,4 Dithi",C4H8S2,14,20.635,53.318,59.409,6.0909,11.424,5.324
627-05-4,C4H9NO2 Nitrobut,C4H9NO2,16,-152.452408,61.6901,64.3531,2.663,4.317,4.893
594-70-7,C4H9NO2 (CH3)3CNO2,C4H9NO2,16,-182.00400000000002,61.9964,64.3531,2.3567,3.801,4.877
85068-73-1,C4H9N3O5 EtNENA,C4H9N3O5,21,-133.888,79.0434,84.2566,5.2132,6.595,16.108
4813-50-7,n-C4H10O2 n-perox,C4H10O2,16,-202.601832,59.5703,62.6131,3.0428,5.108,4.582
75-91-2,C4H10O2 t-Butyl,C4H10O2,16,-246.5,60.0253,62.6131,2.5878,4.311,4.594
111-46-6,C4H10O3 DiEthyle,C4H10O3,17,-629.94,66.5819,65.6228,-0.9591,-1.441,2.242
149-32-6,C4H10O4 Erythritol,C4H10O4,18,-763.1616,70.5452,68.6353,-1.9099,-2.707,3.115
109-79-5,C4H10S C4H9SH,C4H10S,15,-85.92262400000001,56.0685,56.5876,0.5191,0.926,2.483
627-49-6,C4H11P DiEthylPH,C4H11P,16,-89.6,58.7737,59.1485,0.3748,0.638,2.965
542-91-6,C4H12Si (C2H5)2SiH,C4H12Si,17,-106.00164000000001,62.5867,61.5227,-1.064,-1.7,1.253
1071-98-3,C4N2,C4N2,6,529.2,34.0247,32.7881,-1.2365,-3.634,2.031
132029-05-1,C4N8O6  DDFP,C4N8O6,18,747.8481600000001,76.6478,78.6655,2.0177,2.632,26.697
118-74-1,C5Cl6   CycloPer,C5Cl6,11,-11.7,44.8038,45.8335,1.0297,2.298,0.223
699-39-8,C5F6   CycloPerF,C5F6,11,-932.985976,51.7453,54.8473,3.102,5.995,0.212
678-26-2,C5F12  FC 41-12,C5F12,17,-2543.2862400000004,73.3712,77.5809,4.2097,5.738,0.08
591755-73-6,"C5H2Cl2O 3,4-Cyc",C5H2Cl2O,10,-12.17,46.8812,46.8883,0.0071,0.015,1.509
57659-99-1,"C5H3CL3 CY-1,2,4Cl",C5H3Cl3,11,61.513168,47.0515,49.3263,2.2748,4.835,0.959
591755-74-7,C5H3Cl3O 1-hydroxy,C5H3Cl3O,12,-104.72,51.357,54.9556,3.5986,7.007,2.867
13086-68-5,C5H3N CyanoVinyl,C5H3N,9,416.3,44.5018,44.7937,0.2918,0.656,0.769
4729-01-5,"C5H4 1,3 DiYne",C5H4,9,411.835,41.9085,40.0137,-1.8949,-4.521,0.541
24442-69-1,"C5H4 1,4 DIYNE",C5H4,9,464.771272,41.3599,40.0137,-1.3462,-3.255,0.538
33555-85-0,"C5H4 1,2diene-4yne",C5H4,9,433.353616,41.6855,40.0137,-1.6718,-4.011,0.54
98206-69-0,"C5H4  1,2,4-cycl",C5H4,9,548.643736,40.4906,40.0137,-0.4769,-1.178,0.54
65-86-1,C4H3N2O2-COOH  O,C5H4N2O4,15,-538.8992000000001,71.8904,69.3595,-2.5309,-3.521,9.03
120-73-0,C5H4N4  Purine,C5H4N4,13,272.27,62.9509,60.7455,-2.2054,-3.503,4.521
3177-38-3,C5H4O Cy CPD-ONE,C5H4O,10,55.2288,48.187,48.4193,0.2322,0.482,1.087
39763-18-3,C5H4O2 Ketene,C5H4O2,11,-105.83428,52.4389,54.8436,2.4047,4.586,1.673
108-97-4,C5H4O2 Pyran-4-one,C5H4O2,11,-167.73656000000003,53.0805,54.8436,1.7631,3.322,1.681
2180-69-0,C5H5N  1-Cyano,C5H5N,11,238.944,50.8588,53.6853,2.8266,5.558,1.335
58683-60-6,C5H5NO2 1-nitro,C5H5NO2,13,126.695704,57.1873,61.3017,4.1144,7.195,4.177
930-88-1,C4H2O2N-CH3,C5H5NO2,13,-256.0,61.1536,61.3017,0.148,0.242,4.215
634-97-9,C4H4N-COOH  Pyrr,C5H5NO2,13,-68.859,59.2141,61.3017,2.0876,3.526,4.233
73-24-5,C5H5N5  Adenine,C5H5N5,15,225.7,70.592,71.5744,0.9825,1.392,6.599
73-40-5,C5H5N5O  Guanine,C5H5N5O,16,16.0,75.3479,75.8984,0.5505,0.731,13.188
10563-01-6,C5H6 Vinyl-Allene,C5H6,11,252.61736800000003,48.0775,49.6229,1.5455,3.215,0.756
646-05-9,"C5H6 1-ene-3yne,",C5H6,11,253.96043200000003,48.0635,49.6229,1.5594,3.244,0.756
2004-69-5,"C5H6 3-ene-1yne,",C5H6,11,252.638288,48.0773,49.6229,1.5457,3.215,0.749
80156-16-7,"C5H5OH Cyclo-2,4",C5H6O,12,-5.158872000000001,53.3317,55.6334,2.3017,4.316,1.28
103905-53-9,"C5H5OH Cyclo-1,3",C5H6O,12,-37.850556000000005,53.6705,55.6334,1.9628,3.657,1.316
103905-54-0,"C5H5OH Cyclo-1,4",C5H6O,12,-41.401935200000004,53.7073,55.6334,1.926,3.586,1.322
289-65-6,C5H6O  Pyran,C5H6O,12,-10.39724,53.386,55.6334,2.2474,4.21,1.278
930-27-8,C5H6O 3-Me Furan,C5H6O,12,-67.132,53.974,55.6334,1.6594,3.074,1.312
129793-02-8,C5H7CL,C5H7Cl,13,53.555200000000006,53.6572,55.6838,2.0266,3.777,0.41
4468-47-7,C5H7NO  CH3C(O)C,C5H7NO,14,-96.843,61.4403,63.2363,1.7959,2.923,3.709
627-21-4,C5H8 2-Pentyne,C5H8,13,128.445,53.8832,55.3155,1.4323,2.658,0.917
2004-70-8,"C5H8 1,3 Pentadi",C5H8,13,62.2,54.5698,55.3155,0.7457,1.367,0.904
78-11-5,C5H8N4O12 PETN,C5H8N4O12,29,-387.02000000000004,109.8124,105.373,-4.4393,-4.043,35.558
3212-60-0,C5H8O CYC5H7-3-OH,C5H8O,14,-112.92616,58.9674,62.1325,3.1651,5.368,1.766
626-98-2,C5H8O2 2-Penteno,C5H8O2,15,-381.836024,64.337,69.2305,4.8935,7.606,2.433
623-43-8,C5H8O2 MeCrotanat,C5H8O2,15,-345.967,63.9653,69.2305,5.2652,8.231,2.43
123-76-2,C5H8O3 Levulinic,C5H8O3,16,-144.9,64.4639,69.6489,5.185,8.043,2.632
110-94-1,C5H8O4 Glutaric ac,C5H8O4,17,-837.0,74.2196,72.6128,-1.6068,-2.165,3.659
108-59-8,C5H8O4 DiMeMalonat,C5H8O4,17,-737.8,73.1915,72.6128,-0.5787,-0.791,3.662
694-05-3,C5H9N  Cy,C5H9N,15,273.453688,59.5387,69.304,9.7653,16.402,2.356
2562-38-1,C5H9NO2  cyclo,C5H9NO2,17,1051.778,56.637,72.1562,15.5191,27.401,6.364
56-86-0,C5H9NO4 Glutamic a,C5H9NO4,19,-817.972,81.1808,78.1444,-3.0364,-3.74,9.865
78129-68-7,C5H9P (CH3)3C-CP,C5H9P,15,82.692576,59.8971,62.6843,2.7872,4.653,2.86
646-04-8,C5H10  2-Pentene,C5H10,15,-30.334,60.0476,60.977,0.9294,1.548,1.109
56-85-9,C5H10N2O3 Glutam,C5H10N2O3,20,-151.0,78.8439,82.744,3.9001,4.947,12.791
92276-65-8,C5H10O2 Peroxy,C5H10O2,17,-23.0,65.1367,70.6263,5.4896,8.428,3.04
628-05-7,NITRO-PENTANE,C5H11NO2,19,-164.4312,73.7609,76.8189,3.058,4.146,7.616
82486-83-7,C5H11N3O5 Pr-NENA,C5H11N3O5,24,-154.808,91.2069,94.4323,3.2254,3.536,24.038
584-02-1,C5H12O 3-Pentanol,C5H12O,18,-316.47776,70.1146,70.2577,0.1431,0.204,2.162
123-51-3,C5H12O  3-methyl,C5H12O,18,-298.424,69.9275,70.2577,0.3302,0.472,2.325
625-44-5,C5H12O MTBE,C5H12O,18,-283.2,69.7697,70.2577,0.488,0.699,2.161
74-80-6,C5H12O2 n-Pentyl,C5H12O2,19,-223.92768,71.738,74.9965,3.2585,4.542,3.244
24331-09-7,C5N4  C(CN)4,C5N4,9,672.8,49.7622,48.6621,-1.1001,-2.211,2.302
355-42-0,C6F14  FC 51-14,C6F14,20,-2949.17608,86.6513,92.1271,5.4758,6.319,0.16
608-93-5,C6HCl5 pentachlo,C6HCl5,12,-40.0,53.5271,50.7802,-2.7469,-5.132,0.337
3161-99-7,C6H2,C6H2,8,669.8584,42.1434,38.5273,-3.6161,-8.58,0.311
634-66-2,"1,2,3,4-C6H2Cl4",C6H2Cl4,12,-8.4,54.2018,52.6711,-1.5307,-2.824,0.461
634-90-2,"1,2,3,5-C6H2Cl4",C6H2Cl4,12,-17.6,54.2972,52.6711,-1.6261,-2.995,0.464
87-61-6,"1,2,3,C6H3Cl3 1,",C6H3Cl3,12,12.13,54.9912,54.5713,-0.4199,-0.764,1.326
108-70-3,"1,3,5-C6H3Cl3 1,",C6H3Cl3,12,-6.9,55.1885,54.5713,-0.6171,-1.118,1.363
88-06-2,TRICHLOROPHENOL,C6H3Cl3O,13,-143.42752000000002,59.186,61.2075,2.0214,3.415,4.308
591755-78-1,C6H2Cl3OOH  Cy,C6H3Cl3O2,14,-266.02,63.0392,66.8076,3.7685,5.978,5.45
731798-94-0,o-C6H3I Cy,C6H3I,10,534.7,46.9109,46.6734,-0.2375,-0.506,0.32
99-35-4,TRI-NITRO BENZEN,C6H3N3O6,18,62.34160000000001,80.8916,77.6995,-3.1921,-3.946,16.505
88-89-1,C6H3N3O7 Picricaci,C6H3N3O7,19,-139.5,85.5661,82.4901,-3.076,-3.595,18.116
1828-89-3,"1,3-C6H4 BENZYNE",C6H4,10,510.0296,48.3187,47.1994,-1.1193,-2.316,0.353
16668-67-0,"1,5-C6H4 1,5 cis",C6H4,10,514.6320000000001,48.271,47.1994,-1.0716,-2.22,0.355
121058-10-4,C6H4  PENTAENE,C6H4,10,568.26,47.7151,47.1994,-0.5157,-1.081,0.354
121076-12-8,"1,2,3-Hexatriene",C6H4,10,559.71,47.8038,47.1994,-0.6043,-1.264,0.351
120-83-2,"2,4-C6H4Cl2O cis",C6H4Cl2O,13,-156.3,60.3216,63.0223,2.7007,4.477,3.164
615-42-9,o-C6H4I2,C6H4I2,12,252.0,53.2076,54.1892,0.9816,1.845,1.369
626-00-6,m-C6H4I2,C6H4I2,12,243.5,53.2957,54.1892,0.8935,1.676,1.397
624-38-4,p-C6H4I2,C6H4I2,12,276.9,52.9495,54.1892,1.2397,2.341,1.403
99-65-0,"C6H4N2O4 1,3-DNB",C6H4N2O4,16,58.576,73.1259,76.69,3.5641,4.874,11.824
1516-60-5,C6H4N4O2 4-Nitro,C6H4N4O2,16,389.7,74.3269,79.718,5.3912,7.253,15.437
106-51-4,C6H4O2  O=C6H4=O,C6H4O2,12,-121.478,60.0289,60.5941,0.5651,0.941,2.417
95-56-7,o-C6H5BrO cis(Z),C6H5BrO,13,-83.84736,60.4752,62.44,1.9648,3.249,2.296
95-57-8,o-C6H5ClO cis(Z),C6H5ClO,13,-138.34,61.1377,63.1911,2.0534,3.359,2.268
542813-69-4,"C6H5ClO  2,4-cyc",C6H5ClO,13,-35.75,60.0744,63.1911,3.1167,5.188,2.31
542813-71-8,"C6H5ClO 2,5-cyc",C6H5ClO,13,-55.87,60.283,63.1911,2.9082,4.824,2.28
98-98-6,C6H5NO2   Picoli,C6H5NO2,14,55.813,65.3498,68.5083,3.1585,4.833,6.171
695-85-8,C6H6   Benzvalen,C6H6,12,384.928,54.134,58.0637,3.9297,7.259,0.517
4447-21-6,"C6H6 1,3-Hexadiyn",C6H6,12,397.48,54.0039,58.0637,4.0597,7.517,0.539
2809-69-0,"C6H6 2,4-Hexadiy",C6H6,12,376.56,54.2208,58.0637,3.8429,7.088,0.54
628-16-0,"C6H6  1,5-Hexadi",C6H6,12,432.50008,53.641,58.0637,4.4227,8.245,0.544
33142-15-3,"C6H6  1,2-Hexadi",C6H6,12,346.01680000000005,54.5373,58.0637,3.5264,6.466,0.537
10420-90-3,"C6H6 1,3-Hexadie",C6H6,12,343.489664,54.5635,58.0637,3.5002,6.415,0.544
6929-96-0,"C6H6 1,3-Butadie",C6H6,12,346.468672,54.5326,58.0637,3.5311,6.475,0.542
22357-03-5,C6H6N2 triCyclo,C6H6N2,14,530.673456,62.4215,66.4411,4.0197,6.44,3.823
18715-38-3,C6H6N2 3-HexeneD,C6H6N2,14,285.88435200000004,64.9585,66.4411,1.4826,2.282,3.84
88-74-4,C6H6N2O2 NitroAm,C6H6N2O2,16,133.888,71.699,75.2808,3.5818,4.996,9.743
100-01-6,p-C6H6N2O2 Nitro,C6H6N2O2,16,55.2,72.5145,75.2808,2.7663,3.815,9.456
24599-57-3,"C6H6O  2,4-cyclo",C6H6O,13,-21.63,60.9303,62.8214,1.8912,3.104,1.72
291-70-3,C6H6O Oxepin   H,C6H6O,13,89.696592,59.7765,62.8214,3.045,5.094,1.696
36112-26-2,C6H5OOH hydroper,C6H6O2,14,-2.67776,63.3164,67.9514,4.6349,7.32,2.956
608-80-0,C6(OH)6  C6(OH)6,C6H6O6,18,-974.0352,83.7141,78.2008,-5.5133,-6.586,4.733
291-69-0,C6H7N 1H-Azepine,C6H7N,14,264.625448,62.5393,66.7563,4.217,6.743,2.527
9046-47-3,C6H7O5(NO2)3   C,C6H7N3O11,27,-651.4488,110.2399,104.1657,-6.0742,-5.51,31.657
638-21-1,C6H7P C6H5-PH2,C6H7P,14,128.0,62.3366,65.2799,2.9433,4.722,2.428
287-12-7,C6H8,C6H8,14,230.12,60.2573,66.0928,5.8355,9.684,0.754
96-38-8,"C6H8 2,4-C5H5-1CH3",C6H8,14,112.2,61.4794,66.0928,4.6134,7.504,0.753
3727-31-9,"C6H8 3-CH3-1,3C5H5",C6H8,14,99.303,61.6131,66.0928,4.4797,7.271,0.755
50935-18-7,C6H8O5(NO2)2,C6H8N2O9,25,-753.6220800000001,103.4941,100.1318,-3.3623,-3.249,22.736
20843-07-6,"C6H8O 3,4-Dimeth",C6H8O,15,-101.38250400000001,66.2756,68.2289,1.9533,2.947,1.965
1883-75-6,C6H8O3 cy DHMF,C6H8O3,17,-401.664,74.553,76.7384,2.1854,2.931,3.67
77-92-9,C6H8O7 Citric ac,C6H8O7,21,-1399.1296,95.2212,85.9224,-9.2988,-9.765,6.445
694-53-1,C6H8Si PhenylSiH3,C6H8Si,15,123.056,66.0308,49.7025,-16.3284,-24.728,0.808
95896-89-2,C6H9I CyHexene3-I,C6H9I,16,16.68,65.8361,73.5344,7.6983,11.693,0.907
693-02-7,C6H10 1-Hexyne,C6H10,16,122.3,65.8935,74.0617,8.1681,12.396,0.915
14596-92-0,"C6H10 1,3-Hexadien",C6H10,16,56.0656,66.58,74.0617,7.4816,11.237,0.911
1759-81-5,C6H10 Cy C5H7-CH,C6H10,16,8.460047999999999,67.0734,74.0617,6.9883,10.419,0.931
9004-34-6,C6H10O5 Cellulose,C6H10O5,21,-985.0,90.2827,86.8425,-3.4403,-3.811,6.283
498-07-7,C6H10O5  Lecoglu,C6H10O5,21,-789.52,88.2567,86.8425,-1.4143,-1.602,6.288
626-62-0,C6H11I,C6H11I,18,-50.0,71.046,80.6388,9.5928,13.502,1.007
13269-52-8,C6H12 trans 3-HE,C6H12,18,-50.42975200000001,72.2025,81.9947,9.7922,13.562,1.042
763-29-1,C6H12 2-Me-1-Pen,C6H12,18,-55.48820800000001,72.255,81.9947,9.7398,13.48,1.05
625-27-4,C6H12 2Me-2-Pente,C6H12,18,-60.006928,72.3018,81.9947,9.6929,13.406,1.027
691-38-3,C6H12 4Me2en-cis,C6H12,18,-53.53009600000001,72.2347,81.9947,9.7601,13.512,1.017
674-76-0,C6H12 4Me2en trans,C6H12,18,-56.889848,72.2695,81.9947,9.7252,13.457,1.038
4806-61-5,C6H12 EthCyButan,C6H12,18,-27.7,71.967,81.9947,10.0278,13.934,1.032
280-57-9,C6H12N2  Triethy,C6H12N2,20,95.65,80.4865,90.213,9.7266,12.085,6.128
592-90-5,C6H12O Oxepane,C6H12O,19,-224.53,76.5895,86.8287,10.2392,13.369,3.241
2144-41-4,"C6H12O 2,5-BiMeHF",C6H12O,19,-262.428848,76.9823,86.8287,9.8464,12.79,3.26
142-62-1,C6H12O2 Caproic ac,C6H12O2,20,-512.54,82.1571,91.6626,9.5055,11.57,4.961
624-24-8,C6H12O2 MeValere,C6H12O2,20,-472.0,81.7369,91.6626,9.9256,12.143,4.91
105-54-4,C6H12O2 EtButyrate,C6H12O2,20,-500.0,82.0271,91.6626,9.6354,11.747,4.893
61-60-9,C6H12O6  Glucose,C6H12O6,24,-1134.0,98.9284,93.7212,-5.2071,-5.264,8.043
50-99-7,C6H12O6 Linear Glu,C6H12O6,24,-1016.24,97.7079,93.7212,-3.9866,-4.08,8.035
3458-28-4,C6H12O6 D-Mannose,C6H12O6,24,-1032.02,97.8714,93.7212,-4.1502,-4.24,8.053
526-95-4,C6H12O7 Glutonic,C6H12O7,25,-1329.2568,103.5346,99.6448,-3.8898,-3.757,8.647
82486-82-6,C6H13N3O5 BuNENA,C6H13N3O5,27,-175.3096,103.366,111.9354,8.5694,8.29,33.902
626-93-7,C6H14O 2-hexanol,C6H14O,21,-337.9626,82.284,82.6388,0.3549,0.431,3.277
623-37-0,C6H14O 3-Hexanol,C6H14O,21,-332.8,82.2304,82.6388,0.4084,0.497,3.471
629-11-8,"C6H14O2 1,6-n-He",C6H14O2,22,-462.1,86.1531,87.3759,1.2228,1.419,4.856
111-96-6,C6H14O3 DEGDMEther,C6H14O3,23,-521.3,89.3492,90.3835,1.0343,1.158,5.269
50-70-4,C6H14O6 Sorbitol,C6H14O6,26,1162.3152,79.6475,97.3581,17.7106,22.236,8.187
68745-21-1,C6H15P (C2H5)3P,C6H15P,22,-152.7,83.321,83.6805,0.3596,0.432,4.213
670-54-2,C6N4 (CN)2C=C(CN)2,C6N4,10,703.7488,56.8693,55.4481,-1.4212,-2.499,2.957
13232-74-1,C6N6O12  C6(NO2)6,C6N6O12,24,82.23,104.0997,89.5981,-14.5015,-13.93,30.231
335-57-9,C7F16,C7F16,23,-3383.6,100.227,106.6811,6.4541,6.439,0.1
155204-50-5,C7H4  CH(CCH)3,C7H4,11,173.467,59.2348,53.2781,-5.9567,-10.056,0.456
271-58-9,C7H5NO  Anthrani,C7H5NO,14,183.12112800000003,68.8756,68.8813,0.0057,0.008,6.464
95-16-9,C7H5NS Benzothiaz,C7H5NS,14,204.17,68.9476,69.5007,0.5531,0.802,7.84
272-16-2,"1,2-C7H5NS  1,2-Be",C7H5NS,14,218.23744,68.8018,69.5007,0.6989,1.016,7.903
118-96-7,C7H5(NO2)3 (TNT),C7H5N3O6,21,24.09984,93.2346,92.9257,-0.3089,-0.331,24.537
479-45-8,C7H5N5O8 Tetryl,C7H5N5O8,25,152.2976,106.869,107.1923,0.3233,0.303,44.625
121-14-2,"C7H6N2O4  2,4-DNT",C7H6N2O4,19,33.2,85.3355,88.8844,3.5489,4.159,18.378
99-96-7,C7H6O3  PARABEN,C7H6O3,16,-480.5,78.2791,78.3993,0.1202,0.154,4.067
6725-34-4,C7H6S C6H5CH=S,C7H6S,14,190.33016,66.4514,68.9983,2.5469,3.833,2.672
121-46-0,C7H8 Norbornadiene,C7H8,15,247.6,67.504,69.8292,2.3252,3.445,0.977
278-06-8,C7H8 Quadricyclene,C7H8,15,339.1,66.5557,69.8292,3.2735,4.919,0.978
2396-63-6,"C7H8  1,6-Diyne",C7H8,15,94.584,69.0899,69.8292,0.7393,1.07,0.981
930-51-8,C7H10   C5H9-CCH,C7H10,17,174.79,72.7774,78.6805,5.9031,8.111,1.133
4125-18-2,C7H10   C5H4(CH3,C7H10,17,81.21144000000001,73.7473,78.6805,4.9332,6.689,1.159
4045-52-7,C7H10 25C5H4(CH3)2,C7H10,17,74.66,73.8152,78.6805,4.8653,6.591,1.166
4045-53-8,C7H10   C5H4(CH3,C7H10,17,63.513,73.9307,78.6805,4.7498,6.425,1.126
4045-51-6,C7H10   C5H4(CH3,C7H10,17,61.894,73.9475,78.6805,4.733,6.4,1.165
628-71-7,C7H12  1-Heptyne,C7H12,19,103.8,78.0319,86.4487,8.4168,10.786,1.339
279-23-2,C7H12  Norbornan,C7H12,19,-53.72256,79.6645,86.4487,6.7842,8.516,1.284
3070-53-9,"C7H12 1,6Heptadien",C7H12,19,65.069568,78.4333,86.4487,8.0154,10.219,1.338
592-76-7,"C7H14,1-heptene",C7H14,21,-62.76,84.277,94.4298,10.1528,12.047,1.488
110-12-3,C7H14O  MIAK Met,C7H14O,22,-307.56,89.3967,99.2637,9.8669,11.037,4.788
111-14-8,C7H14O2 n Heptan,C7H14O2,23,-539.5,94.3832,103.9989,9.6157,10.188,7.312
106-70-7,C7H14O2 MeCaproate,C7H14O2,23,-493.71200000000005,93.9086,103.9989,10.0903,10.745,7.477
111-70-6,C7H16O n-heptanol,C7H16O,24,-334.84552,94.1983,95.0258,0.8275,0.879,4.869
19264-94-9,C7H16O neo-C7H16O,C7H16O,24,-359.65664,94.4554,95.0258,0.5704,0.604,5.248
107603-01-0,C8 linear biradi,C8,8,1254.4,46.422,37.1807,-9.2413,-19.907,0.132
6165-96-4,C8H2 linear,C8H2,10,934.3,54.2584,51.1314,-3.127,-5.763,0.394
85-44-9,C8H4O3 Phthalic,C8H4O3,15,-371.0,80.0533,76.2466,-3.8068,-4.755,4.862
37418-88-5,C8H4O4 3-Hydroxy,C8H4O4,16,-576.4,84.7647,78.2314,-6.5333,-7.708,6.088
250-25-9,C8H6  Pentalene,C8H6,14,374.85711200000003,69.0941,68.9979,-0.0962,-0.139,1.023
4026-23-7,C8H6  Benzocyclo,C8H6,14,412.3,68.7061,68.9979,0.2919,0.425,1.013
71-89-6,C8H6O Benzofuran,C8H6O,15,13.598,75.4209,75.1333,-0.2875,-0.381,3.394
255-37-8,C8H6O2,C8H6O2,16,-71.2,78.8823,81.751,2.8687,3.637,5.047
529-19-1,C8H7N  o-ToluoNi,C8H7N,16,187.8,78.1912,79.7093,1.5181,1.941,4.319
277-10-1,C8H8  Cubane,C8H8,16,622.1608,71.0498,75.5309,4.4811,6.307,1.118
629-20-9,"C8H8   1,3,5,7 C",C8H8,16,298.02632000000006,74.4092,75.5309,1.1217,1.507,1.138
86471-50-3,"C8H8   2,3,5,7 Cy",C8H8,16,389.434,73.4618,75.5309,2.069,2.816,1.115
694-87-1,C8H8  Benzocyclo,C8H8,16,200.8,75.4169,75.5309,0.114,0.151,1.188
20646-38-2,"C8H12 3,6-Dimeth",C8H12,20,52.622,85.9902,91.1379,5.1477,5.986,1.76
629-05-0,C8H14  1-Octayne,C8H14,22,80.7,90.218,98.8737,8.6557,9.594,1.981
1755-05-1,C8H14  cis Penta,C8H14,22,-93.0,92.0183,98.8737,6.8554,7.45,1.983
4894-67-7,"C8H14 1,5Hexadiene",C8H14,22,26.777600000000003,90.7768,98.8737,8.0968,8.919,1.974
280-33-1,C8H14 Bicyclo,C8H14,22,-99.04,92.0809,98.8737,6.7928,7.377,1.975
111-66-0,"C8H16,1-octene",C8H16,24,-83.59,96.4395,106.8646,10.4251,10.81,2.158
124-92-2,C8H16O2 cis acid,C8H16O2,26,-556.6,106.507,116.3759,9.8689,9.266,10.679
540-84-1,"C8H18,isooctane",C8H18,26,-224.01136,102.4137,102.6753,0.2617,0.256,2.094
560-21-4,"C8H18 2,3,3-TMP",C8H18,26,-217.99,102.3512,102.6753,0.3241,0.317,2.098
111-87-5,C8H18O  1-Octanol,C8H18O,27,356.0,98.9848,107.4142,8.4294,8.516,6.863
118-85-4,(CH3)3COOC(CH3)3,C8H18O2,28,-344.3432,108.8259,112.1527,3.3267,3.057,9.962
148549-29-5,C9H4  C(CCH)4,C9H4,13,913.7856,66.4176,68.0643,1.6467,2.479,1.083
91-64-5,C9H6O2 Coumarin,C9H6O2,17,-176.8,87.4047,87.3503,-0.0544,-0.062,6.579
766-47-2,C9H8 o-Me-C6H4CCH,C9H8,17,66.94,84.2321,83.0014,-1.2307,-1.461,1.574
776-82-5,C9H8 m-MeC6H4-CCH,C9H8,17,275.3072,82.0725,83.0014,0.9288,1.132,1.559
776-97-2,C9H8 p-EthynylTo,C9H8,17,275.89296,82.0665,83.0014,0.9349,1.139,1.56
98-83-9,C9H10 Methyl styre,C9H10,19,118.3,88.2186,89.2962,1.0776,1.221,1.723
300-57-2,C9H10 PropenylBenz,C9H10,19,136.3984,88.031,89.2962,1.2652,1.437,1.765
611-15-4,C9H10 2-MeStyrene,C9H10,19,277.8176,86.5653,89.2962,2.7309,3.155,1.741
837-49-4,C9H10 Phenyl-Cyc,C9H10,19,150.4,87.8859,89.2962,1.4103,1.605,1.8
93-89-0,C9H10O2 EtBenzoate,C9H10O2,21,-306.57,97.7872,99.8587,2.0715,2.118,8.625
63-91-2,C9H11NO2 PhenylA,C9H11NO2,23,-321.74960000000004,105.1029,106.0702,0.9673,0.92,19.779
20685-34-1,C9H12  C(CH=CH2)4,C9H12,21,250.6216,91.366,94.7874,3.4214,3.745,1.815
3452-09-3,C9H16 1-Nonyne,C9H16,25,63.0,102.3481,114.0563,11.7082,11.44,2.512
124-11-8,C9H18 1-nonene,C9H18,27,-103.3,108.5904,119.2436,10.6532,9.81,2.966
1795-27-3,"C9H18 1,3,5-triM",C9H18,27,-212.1,109.7181,119.2436,9.5256,8.682,2.941
112-05-0,C9H18O2 Nonanoic,C9H18O2,29,-577.7,118.6724,128.7585,10.0861,8.499,14.5
143-08-8,C9H20O n-Nonanol,C9H20O,30,-377.0,118.5285,119.8058,1.2773,1.078,8.982
32597-23-3,C10H2,C10H2,12,1120.0,67.1894,66.1008,-1.0886,-1.62,1.267
1335-88-2,"C10H4Cl4 2,3,6,7",C10H4Cl4,18,54.64,87.7787,87.4689,-0.3098,-0.353,1.657
1785-61-1,"C10H6 1,3 diethy",C10H6,16,131.96,86.4673,77.6693,-8.7981,-10.175,1.433
76279-71-5,C10H7I  1-Iodona,C10H7I,18,230.95680000000002,88.808,87.7879,-1.0201,-1.149,1.811
275-51-4,C10H8  AZULENE,C10H8,18,308.0,89.1616,88.838,-0.3236,-0.363,1.778
13120-47-3,C10H8 CH2=C(Ph)CCH,C10H8,18,377.73152000000005,88.4389,88.838,0.3991,0.451,1.788
91-12-3,C10H8 PentaFulval,C10H8,18,374.42197600000003,88.4732,88.838,0.3648,0.412,1.779
21423-86-9,"C10H10 1,1'(C5H5)2",C10H10,20,291.625,93.8501,95.4809,1.6308,1.738,2.022
21423-87-0,"C10H10 2,2'-bicy",C10H10,20,291.056,93.856,95.4809,1.6249,1.731,2.026
767-59-9,C10H10 1-meIndene,C10H10,20,184.93280000000001,94.9559,95.4809,0.525,0.553,2.017
2177-47-1,C10H10 2-meIndene,C10H10,20,173.636,95.0729,95.4809,0.4079,0.429,2.062
767-60-2,C10H10 3-meIndene,C10H10,20,30.38,96.5577,95.4809,-1.0768,-1.115,2.035
7372-92-1,C10H10 7-MeIndene,C10H10,20,130.9592,95.5153,95.4809,-0.0344,-0.036,2.063
75659-49-3,C10H10  o-Et-Ethy,C10H10,20,259.74272,94.1805,95.4809,1.3004,1.381,2.036
40307-11-7,C10H10 p-Et-Ethy,C10H10,20,254.97296,94.2299,95.4809,1.2509,1.328,2.054
458-35-5,C10H12O3 Coniferyl,C10H12O3,25,-367.77360000000004,112.9507,116.0708,3.12,2.762,13.007
62862-35-5,C10H14  C5H7-C5H7,C10H14,24,63.13656,105.2557,113.0081,7.7523,7.365,2.762
6004-38-2,C10H16 exo,C10H16,26,-74.0,111.1958,120.2544,9.0585,8.146,3.057
5989-27-5,C10H16  Limonene,C10H16,26,3.09,110.3969,120.2544,9.8575,8.929,3.082
99-86-5,C10H16 A-Terpinene,C10H16,26,5.4392000000000005,110.3725,120.2544,9.8819,8.953,3.076
99-85-4,C10H16 G-Terpinene,C10H16,26,11.7152,110.3075,120.2544,9.9469,9.017,3.067
586-62-9,C10H16 Terpinolene,C10H16,26,-15.60632,110.5906,120.2544,9.6637,8.738,3.063
76-22-2,C10H16O CAMPHOR,C10H16O,27,-263.1736,115.7391,125.8404,10.1013,8.728,10.56
1636-39-1,C10H18 Bicyclope,C10H18,28,-127.8,116.2722,126.4889,10.2167,8.787,3.463
764-93-2,C10H18 1-Decyne,C10H18,28,41.9,114.5134,126.4889,11.9755,10.458,3.466
872-05-9,C10H20 1-Decene,C10H20,30,-123.9,120.7506,131.6264,10.8759,9.007,4.068
20063-97-2,C10H20 2-Decene,C10H20,30,-136.2,120.8781,131.6264,10.7484,8.892,4.055
19398-37-9,C10H20 3-Decene,C10H20,30,-135.5,120.8708,131.6264,10.7556,8.898,4.056
78950-25-1,HC11N,C11HN,13,1270.0,75.7023,72.0548,-3.6474,-4.818,3.226
1961-98-4,C11H10 Phenyl-CPD,C11H10,21,238.0696,101.833,102.7145,0.8815,0.866,2.682
18636-55-0,"C11H12 1,1DiMeInde",C11H12,23,107.11,107.7091,107.9816,0.2726,0.253,3.085
32597-33-4,C12H2,C12H2,14,1340.0,79.765,76.3199,-3.4452,-4.319,1.277
58802-20-3,C12H4Cl4O 2367,C12H4Cl4O,21,-50.0,106.3015,107.3385,1.037,0.976,19.71
64560-17-4,C12H4Cl4O 2468,C12H4Cl4O,21,-58.0,106.3844,107.3385,0.9541,0.897,19.619
62470-53-5,C12H4Cl4O2 1379,C12H4Cl4O2,22,127.5,107.0444,112.3257,5.2813,4.934,23.663
1746-01-6,C12H4O2Cl4  2378,C12H4Cl4O2,22,136.1,106.9553,112.3257,5.3704,5.021,23.733
591755-80-5,C12H4Cl4O3 1368,C12H4Cl4O3,23,-295.37,114.0097,112.2749,-1.7348,-1.522,24.654
574003-32-0,C12H4CL6O2  tric,C12H4Cl6O2,24,-201.95,112.9733,118.069,5.0956,4.51,26.634
244037-23-8,C12H4CL6O2,C12H4Cl6O2,24,-321.91696,114.2167,118.069,3.8523,3.373,26.906
591755-81-6,C12H5Cl3O3,C12H5Cl3O3,23,-348.99,115.5676,114.3563,-1.2114,-1.048,32.685
94888-09-2,C12H5CL5O2 PD  G,C12H5Cl5O2,24,-250.16136,114.4752,118.1359,3.6607,3.198,28.816
38178-38-0,C12H6CL2O2,C12H6Cl2O2,22,-86.2,111.2636,113.6323,2.3686,2.129,26.007
70870-59-6,C12H6CL4O2,C12H6Cl4O2,24,-207.56824,115.0359,119.1928,4.1568,3.614,25.892
259-79-0,C12H8 biphenylene,C12H8,20,417.2,102.8855,102.2156,-0.6699,-0.651,2.957
220347-94-4,"C12H8Cl2O2 6,6-(",C12H8Cl2O2,24,231.7936,112.4867,119.8247,7.3381,6.524,26.517
132-64-9,C12H8O DiBenzoFu,C12H8O,21,47.3,109.3018,107.7519,-1.5499,-1.418,9.334
262-12-4,C12H8O2,C12H8O2,22,50.1,111.8554,113.48,1.6246,1.452,14.182
132-65-0,C12H8S DiBenzoTh,C12H8S,21,213.2,107.8725,106.4653,-1.4072,-1.304,11.036
2051-62-9,p-C12H9Cl  p-Clo,C12H9Cl,22,149.78719999999998,109.1736,109.0634,-0.1102,-0.101,3.431
86-74-8,C12H9N  CARBAZOLE,C12H9N,22,200.7,112.2878,112.3973,0.1095,0.098,12.207
257-24-9,C12H10 heptalene,C12H10,22,411.4,107.4644,109.0163,1.5519,1.444,3.16
575-41-7,"C12H12 1,3DiMeNaph",C12H12,24,104.1816,115.1673,115.2156,0.0483,0.042,3.804
773-99-9,1-C10H7CH2CH2OH,C12H12O,25,-52.7184,119.376,121.4408,2.0648,1.73,12.949
775-12-2,C12H12Si DiPheny,C12H12Si,25,109.3,119.7782,121.0793,1.3012,1.086,15.257
87-85-4,C12H18  HexaMeth,C12H18,30,87.86,128.8928,140.7964,11.9036,9.235,5.775
260-94-6,C13H9N  ACRIDINE,C13H9N,23,273.9,118.957,116.9682,-1.9887,-1.672,14.469
229-87-8,C13H9N PHENANTHRI,C13H9N,23,240.5,119.3031,116.9682,-2.3349,-1.957,14.38
203-80-5,C13H10  Phenalen,C13H10,23,189.4,117.1932,114.801,-2.3922,-2.041,3.92
119-61-9,C13H10O  Benzoph,C13H10O,24,63.6,121.0795,121.5014,0.4219,0.348,15.077
101-81-5,C13H12 MeBiPhenyl,C13H12,25,138.0,122.2447,121.3917,-0.8529,-0.698,4.573
644-08-6,p-C13H12 p-BiPhMe,C13H12,25,146.0216,122.1615,121.3917,-0.7698,-0.63,4.492
18086-45-8,C13H12 1-MeAcenaph,C13H12,25,102.00592,122.6177,121.3917,-1.226,-1.0,4.526
2765-18-6,C13H14 1C10H7C3H7,C13H14,27,76.5672,127.4001,127.4601,0.0599,0.047,5.188
33918-41-1,C14H8 5-EthynylA,C14H8,22,453.25272,117.3676,114.0795,-3.2881,-2.802,4.349
103-30-0,C14H12 t-Stilbene,C14H12,26,223.3,128.7884,128.6634,-0.1251,-0.097,5.581
103-29-7,C14H14 Bibenzyl,C14H14,28,143.51,134.1342,135.628,1.4938,1.114,7.07
610-48-0,C15H12 1-MethylA,C15H12,27,184.93280000000001,136.614,138.7801,2.1662,1.586,6.6
832-64-4,C15H12   4-Methy,C15H12,27,195.8,136.5013,138.7801,2.2788,1.669,6.615
4569-45-3,"C15H14  9,9 dime",C15H14,29,105.3,141.9581,139.6694,-2.2887,-1.612,6.702
72307-77-8,C16H10 1-EthynylAn,C16H10,26,444.29896,136.8349,138.0893,1.2544,0.917,6.828
2381-21-7,C17H12 1-MePyrane,C17H12,29,197.52664000000001,151.3392,144.8198,-6.5193,-4.308,8.978
34993-56-1,C18H10 1-Ethynyl,C18H10,28,456.4744,151.5644,149.0067,-2.5577,-1.688,9.515
92-24-0,C18H12  Naphtace,C18H12,30,308.4,157.6179,156.6799,-0.938,-0.595,10.347
217-59-4,C18H12,C18H12,30,259.1,158.1289,156.6799,-1.449,-0.916,10.324
5821-51-2,C20H10  CORANNUL,C20H10,30,458.5,166.3992,162.8908,-3.5084,-2.108,12.441
7440-43-9,Cd,Cd,1,111.8,0.0,0.0,0.0,,0.001
7616-94-6,CLO3F,ClFO3,5,-23.798592,10.0743,8.0087,-2.0656,-20.504,0.028
13637-63-3,CLF5,ClF5,6,-238.0,7.8375,1.7561,-6.0814,-77.594,0.009
13898-47-0,HCLO2 Karton Par,ClHO2,4,28.80684,8.3832,8.8646,0.4815,5.743,0.032
7790-93-4,HClO3  Karton Pa,ClHO3,5,-10.878400000000001,11.377,10.7754,-0.6016,-5.288,0.041
7601-90-3,HCLO4,ClHO4,6,-6.276,13.9119,12.7928,-1.1191,-8.044,0.051
7790-90-0,ClI Iodine Chlori,ClI,2,17.39,2.1843,2.1438,-0.0405,-1.853,0.007
14545-72-3,ClONO2 Chloronit,ClNO3,5,22.388584,13.6718,12.3842,-1.2877,-9.418,0.079
12015-53-1,CL2O7,Cl2O7,9,275.72560000000004,17.7347,15.8161,-1.9186,-10.818,0.037
7440-47-3,Cr,Cr,1,397.48,-0.0091,0.0,0.0091,-100.0,0.0
14977-61-8,CrCl2O2,Cl2CrO2,5,-519.2,17.1711,15.1706,-2.0005,-11.65,0.123
15597-88-3,CrCl4  tetrahedr,Cl4Cr,5,-396.5,13.2487,15.4292,2.1805,16.458,0.034
148020-59-1,Cr(OH)6  Allendo,CrH6O6,13,-1016.712,43.6997,31.9168,-11.7829,-26.963,0.517
12184-82-6,Cr2  gas,Cr2,2,611.287,1.8854,1.8509,-0.0345,-1.828,0.01
12190-70-4,Cu2,Cu2,2,485.34,1.9636,1.879,-0.0846,-4.308,0.008
11093-65-5,Cu3CL3,Cl3Cu3,6,-258.5712,16.9422,14.2474,-2.6948,-15.906,0.063
16829-28-0,FO3F,F2O3,5,111.32,8.2394,8.2019,-0.0375,-0.455,0.026
7439-89-6,Fe,Fe,1,415.5,0.0083,0.0,-0.0083,-100.0,0.0
7558-94-3,FeCL2,Cl2Fe,3,-141.0,8.2904,8.2234,-0.067,-0.809,0.009
18624-44-7,Fe(OH)2,FeH2O2,5,-330.54,17.4244,14.6119,-2.8125,-16.141,0.126
1317-96-0,FeS(G),FeS,2,370.767,3.3446,5.2035,1.8589,55.58,0.013
23444-30-6,Fe2CL4,Cl4Fe2,6,-431.37,18.1289,16.0167,-2.1122,-11.651,0.081
26404-66-0,HNO4 HOONO2 Perox,HNO4,6,-13.605,17.6297,17.903,0.2733,1.55,0.14
13817-06-6,HPO,HOP,3,-89.1192,9.0459,7.7187,-1.3272,-14.671,0.016
14699-99-1,H2O3  HOOOH,H2O3,5,-89.37,13.1927,13.7914,0.5987,4.538,0.05
41916-72-7,P2H2,H2P2,4,117.5704,9.8608,12.6176,2.7568,27.957,0.057
25756-97-0,HOPH2,H3OP,5,-210.03680000000003,14.8179,14.48,-0.3379,-2.28,0.066
13840-40-9,H3PO,H3OP,5,215.476,10.4078,14.48,4.0723,39.127,0.068
10294-56-1,H3PO3  [P(OH)3],H3O3P,7,-771.019152,25.7972,22.3205,-3.4767,-13.477,0.075
13598-36-2,H3PO3  O=PH(OH)2,H3O3P,7,-820.75436,26.3127,22.3205,-3.9922,-15.172,0.076
7664-38-2,H3PO4,H3O4P,8,-1118.709552,31.9833,28.5246,-3.4587,-10.814,0.142
7440-59-7,He REF ELEMENT,He,1,0.0,0.0,0.0,0.0,,0.0
7439-97-6,Hg,Hg,1,61.38,0.0,0.0,0.0,,0.001
7789-47-1,HgBr2,Br2Hg,3,-91.31161600000001,3.9014,6.6118,2.7104,69.472,0.014
7487-94-7,HgCl2,Cl2Hg,3,-146.29,4.6667,8.0302,3.3635,72.073,0.014
38232-63-2,(HgN3)2   mercur,Hg2N6,8,650.7500719999999,23.9217,29.2835,5.3619,22.414,2.227
584-08-7,K2CO3,CK2O3,6,-811.69,25.433,19.1232,-6.3098,-24.81,0.171
7439-98-7,Mo,Mo,1,658.5,-0.0041,0.0,0.0041,-100.0,0.0
14519-10-9,NBrH2,BrH2N,4,83.2616,9.7143,9.7541,0.0399,0.41,0.031
14519-03-0,NBr2H  Dibromoim,Br2HN,4,200.99936,7.3941,8.1858,0.7918,10.708,0.028
15162-90-0,NBr3,Br3N,4,316.3104,5.099,6.391,1.292,25.338,0.02
10599-90-3,NClH2,ClH2N,4,54.47568,10.1104,9.88,-0.2303,-2.278,0.029
3400-09-7,NCl2H,Cl2HN,4,140.03848,8.2214,8.2731,0.0517,0.629,0.026
13774-92-0,NH,HN,2,358.78,3.4399,3.4687,0.0288,0.839,0.003
35337-59-8,NOH,HNO,3,214.51,7.5177,8.3128,0.7951,10.576,0.012
13847-65-9,NOF3,F3NO,5,-187.0,11.8878,12.6358,0.748,6.292,0.037
7789-26-6,NO3F,FNO3,5,15.0,13.3139,13.355,0.041,0.308,0.065
10036-47-2,N2F4,F4N2,6,-22.0,13.3168,13.9334,0.6166,4.63,0.039
15626-42-3,N2H2 cis,H2N2,4,222.465,12.0111,11.5764,-0.4347,-3.619,0.042
35576-91-1,H2N2O  Burcat G3,H2N2O,5,82.198864,16.0474,15.8123,-0.235,-1.465,0.123
7782-94-7,N2H2O2  NitrAmide,H2N2O2,6,-26.0,19.7514,21.9592,2.2078,11.178,0.494
10544-73-7,N2O3,N2O3,5,86.6,16.6481,21.9209,5.2728,31.672,0.392
122413-35-8,N2O3  O=N-O-N=O,N2O3,5,86.1,16.6533,21.9209,5.2676,31.631,0.393
224950-18-9,N2O3  N-(O3)-N,N2O3,5,593.3,11.3966,21.9209,10.5244,92.347,0.397
15969-55-8,N2O4,N2O4,6,51.78,19.5916,21.1774,1.5858,8.095,0.892
10102-03-1,N2O5,N2O5,7,15.437,22.5508,23.243,0.6921,3.069,0.308
7782-79-8,N3H,HN3,4,291.826,13.9318,15.5631,1.6313,11.709,0.057
114045-20-4,HN3O4  HN(NO2)2,HN3O4,8,79.49600000000001,26.4627,28.1911,1.7284,6.531,0.571
7440-01-9,Ne,Ne,1,0.0,0.0,0.0,0.0,,0.0
7440-02-0,Ni,Ni,1,428.078,0.0168,0.0,-0.0168,-100.0,0.001
17167-55-4,PCL,ClP,2,134.615,3.1423,3.1767,0.0344,1.095,0.007
16027-92-2,PF,FP,2,-47.945,4.5999,4.9849,0.385,8.37,0.011
7783-55-3,PF3,F3P,4,-1575.276,22.075,14.3134,-7.7617,-35.16,0.024
13967-14-1,PH,HP,2,236.8,3.0854,2.947,-0.1384,-4.486,0.004
13445-50-6,P2H4  H2P-PH2,H4P2,6,20.501600000000003,15.3857,17.3138,1.9282,12.532,0.098
12185-10-3,P4,P4,4,58.9,12.5107,17.3459,4.8352,38.649,0.154
10248-58-5,P4O6,O6P4,10,-2144.519,50.843,38.2479,-12.595,-24.772,1.03
16752-60-6,P4O10,O10P4,14,-2906.0,69.0654,46.3059,-22.7595,-32.954,1.694
7440-05-3,PD(g)  Paladium,Pd,1,375.999344,0.0228,0.0,-0.0228,-100.0,0.0
7440-06-4,Pt(gas) Platinum,Pt,1,564.999,0.0031,0.0,-0.0031,-100.0,0.0
7704-34-9,S,S,1,276.98,0.002,0.0,-0.002,-100.0,0.0
13637-84-8,SO2FCL,ClFO2S,5,-556.5,15.8854,17.4847,1.5993,10.067,0.091
7791-25-5,SO2CL2,Cl2O2S,5,-354.8,14.2294,16.223,1.9935,14.01,0.09
2699-79-8,SO2F2,F2O2S,5,-760.0,17.5601,19.3447,1.7846,10.163,0.088
12772-98-4,SO4 Sulfate radi,O4S,5,-241.12392000000003,15.702,16.8272,1.1252,7.166,0.151
101947-30-2,S2F2  (S=SF2),F2S2,4,-331.8,10.8296,12.1623,1.3327,12.306,0.049
12597-03-4,S3,S3,3,144.74,7.1179,9.4588,2.3409,32.888,0.018
19269-85-3,S4,S4,4,135.63,10.085,11.1898,1.1049,10.956,0.069
12597-10-3,S5,S5,5,133.0,12.9849,24.4888,11.5039,88.595,0.092
13798-23-7,S6,S6,6,101.3,16.1861,16.441,0.2549,1.575,0.108
21459-04-1,S7,S7,7,111.89,18.949,22.8397,3.8907,20.532,0.091
10544-50-0,S8,S8,8,101.28,21.9316,26.0059,4.0743,18.577,0.078
7440-21-3,Si,Si,1,450.0,0.0,0.0,0.0,,0.0
13966-66-0,SiF2 DiFluoroSil,F2Si,3,-630.625032,12.8453,16.9992,4.1539,32.338,0.007
13825-90-6,SiH2 singlette,H2Si,3,-74.89359999999999,9.9589,6.4392,-3.5197,-35.342,0.01
14475-38-8,SiH3OH  Silanol,H4OSi,6,-280.1,19.1871,17.5657,-1.6214,-8.451,0.079
14515-39-0,Si2OF6  F3Si-O-S,F6OSi2,9,-2865.8475359999998,46.5491,41.6229,-4.9262,-10.583,0.181
156969-78-7,Si2H2   SiH-SiH,H2Si2,4,111.0,12.6962,14.0228,1.3266,10.449,0.078
15435-77-5,Si2H4  HF298=65.,H4Si2,6,-149.78719999999998,19.9178,18.4287,-1.4892,-7.477,0.121
50420-90-1,Si2H4  SiH3-SiH,H4Si2,6,72.92,17.6096,18.4287,0.819,4.651,0.12
18548-76-0,Si3H6 cyclo,H6Si3,9,257.533568,24.879,29.5718,4.6929,18.863,0.188
7783-26-8,Si3H8,H8Si3,11,120.9176,30.8137,32.9638,2.1501,6.978,0.236
287-69-4,Si4H8 cyclo,H8Si4,12,-189.9536,38.6995,39.4812,0.7816,2.02,0.791
7783-29-1,Si4H10 n-tetrasi,H10Si4,14,147.7,39.7188,43.0234,3.3046,8.32,0.946
289-22-5,Si5H10 cyclo,H10Si5,15,-348.10880000000003,49.5214,49.2627,-0.2587,-0.522,1.376
14868-53-2,Si5H12 n-pentasi,H12Si5,17,199.6,48.3636,53.823,5.4594,11.288,1.608
14040-11-0,WC6O6 W(CO)6,C6O6W,13,879.1,59.7413,57.3153,-2.426,-4.061,6.491
13520-76-8,WO2CL2,Cl2O2W,5,-671.532,23.4294,14.6409,-8.7885,-37.511,0.16
13520-78-0,WOCL4,Cl4OW,6,-573.493,22.3451,16.7405,-5.6046,-25.082,0.053
33963-15-4,WF2   HF298=-20.,F2W,3,-86.19040000000001,11.3287,10.6318,-0.6969,-6.151,0.011
13766-47-7,WF4  HF298=-222.,F4W,5,-928.8480000000001,21.7076,19.4576,-2.25,-10.365,0.044
820233-75-8,W3O9   (WO3)3,O9W3,12,-2013.3,70.4793,38.2999,-32.1794,-45.658,1.084
820233-76-9,W4O12   (WO3)4,O12W4,16,-2817.4,95.3509,48.6961,-46.6548,-48.93,2.42
885600-50-0,W5O15  (WO3)5,O15W5,20,-3551.5,119.4969,59.0076,-60.4893,-50.62,4.081
7440-66-6,Zn,Zn,1,130.4,0.0,0.0,0.0,,0.0
7646-85-7,ZnCl2,Cl2Zn,3,-256.684,6.5262,6.0109,-0.5154,-7.897,0.01
1314-98-3,ZnS(g),SZn,2,183.935,2.3178,0.9872,-1.3306,-57.407,0.011
7440-67-7,Zr,Zr,1,610.03,-0.0127,0.0,0.0127,-100.0,0.0
13762-26-0,ZrCl2        GAS,Cl2Zr,3,-185.75,10.7493,10.2085,-0.5408,-5.031,0.01
10026-11-6,ZrCl4        GAS,Cl4Zr,5,-869.98,20.3553,16.5729,-3.7824,-18.582,0.04
13842-94-9,ZrF2,F2Zr,3,-558.15,13.74,12.6272,-1.1129,-8.099,0.009
7783-64-4,ZrF4,F4Zr,5,-1673.6,26.9463,23.7608,-3.1855,-11.822,0.037
